0 verbose cli /opt/homebrew/Cellar/node/26.3.0/bin/node /opt/homebrew/bin/npm
1 info using npm@11.16.0
2 info using node@v26.3.0
3 silly config load:file:/opt/homebrew/lib/node_modules/npm/npmrc
4 silly config load:file:/Users/hvurakaranam/Vuro Explorations/WC Prediciton Game/.npmrc
5 silly config load:file:/Users/hvurakaranam/.npmrc
6 silly config load:file:/opt/homebrew/etc/npmrc
7 verbose title npm install
8 verbose argv "install" "--cache" "/Users/hvurakaranam/Vuro Explorations/WC Prediciton Game/.npm-cache" "--prefer-offline"
9 verbose logfile logs-max:10 dir:/Users/hvurakaranam/Vuro Explorations/WC Prediciton Game/.npm-cache/_logs/2026-06-26T10_35_05_561Z-
10 verbose logfile /Users/hvurakaranam/Vuro Explorations/WC Prediciton Game/.npm-cache/_logs/2026-06-26T10_35_05_561Z-debug-0.log
11 silly logfile done cleaning log files
12 silly packumentCache heap:4395630592 maxSize:1098907648 maxEntrySize:549453824
13 silly idealTree buildDeps
14 silly fetch manifest react@^18.3.1
15 silly packumentCache full:https://registry.npmjs.org/react cache-miss
16 http fetch GET 200 https://registry.npmjs.org/react 460ms (cache miss)
17 silly packumentCache full:https://registry.npmjs.org/react set size:undefined disposed:false
18 silly fetch manifest react-dom@^18.3.1
19 silly packumentCache full:https://registry.npmjs.org/react-dom cache-miss
20 http fetch GET 200 https://registry.npmjs.org/react-dom 216ms (cache miss)
21 silly packumentCache full:https://registry.npmjs.org/react-dom set size:undefined disposed:false
22 silly fetch manifest next@^14.2.0
23 silly packumentCache full:https://registry.npmjs.org/next cache-miss
24 http fetch GET 200 https://registry.npmjs.org/next 417ms (cache miss)
25 silly packumentCache full:https://registry.npmjs.org/next set size:undefined disposed:false
26 silly fetch manifest @opentelemetry/api@^1.1.0
27 silly packumentCache full:https://registry.npmjs.org/@opentelemetry%2fapi cache-miss
28 http fetch GET 200 https://registry.npmjs.org/@opentelemetry%2fapi 76ms (cache miss)
29 silly packumentCache full:https://registry.npmjs.org/@opentelemetry%2fapi set size:undefined disposed:false
30 silly fetch manifest @playwright/test@^1.41.2
31 silly packumentCache full:https://registry.npmjs.org/@playwright%2ftest cache-miss
32 http fetch GET 200 https://registry.npmjs.org/@playwright%2ftest 216ms (cache miss)
33 silly packumentCache full:https://registry.npmjs.org/@playwright%2ftest set size:undefined disposed:false
34 silly fetch manifest sass@^1.3.0
35 silly packumentCache full:https://registry.npmjs.org/sass cache-miss
36 http fetch GET 200 https://registry.npmjs.org/sass 75ms (cache miss)
37 silly packumentCache full:https://registry.npmjs.org/sass set size:undefined disposed:false
38 silly fetch manifest typescript@^5.4.5
39 silly packumentCache full:https://registry.npmjs.org/typescript cache-miss
40 http fetch GET 200 https://registry.npmjs.org/typescript 249ms (cache miss)
41 silly packumentCache full:https://registry.npmjs.org/typescript set size:undefined disposed:false
42 silly fetch manifest @types/node@^20.12.7
43 silly packumentCache full:https://registry.npmjs.org/@types%2fnode cache-miss
44 http fetch GET 200 https://registry.npmjs.org/npm 2005ms
45 http fetch GET 200 https://registry.npmjs.org/@types%2fnode 191ms (cache miss)
46 silly packumentCache full:https://registry.npmjs.org/@types%2fnode set size:undefined disposed:false
47 silly fetch manifest @types/react@^18.3.1
48 silly packumentCache full:https://registry.npmjs.org/@types%2freact cache-miss
49 http fetch GET 200 https://registry.npmjs.org/@types%2freact 125ms (cache miss)
50 silly packumentCache full:https://registry.npmjs.org/@types%2freact set size:undefined disposed:false
51 silly fetch manifest @types/react-dom@^18.3.0
52 silly packumentCache full:https://registry.npmjs.org/@types%2freact-dom cache-miss
53 http fetch GET 200 https://registry.npmjs.org/@types%2freact-dom 78ms (cache miss)
54 silly packumentCache full:https://registry.npmjs.org/@types%2freact-dom set size:undefined disposed:false
55 silly fetch manifest tailwindcss@^3.4.3
56 silly packumentCache full:https://registry.npmjs.org/tailwindcss cache-miss
57 http fetch GET 200 https://registry.npmjs.org/tailwindcss 248ms (cache miss)
58 silly packumentCache full:https://registry.npmjs.org/tailwindcss set size:undefined disposed:false
59 silly fetch manifest postcss@^8.4.38
60 silly packumentCache full:https://registry.npmjs.org/postcss cache-miss
61 http fetch GET 200 https://registry.npmjs.org/postcss 67ms (cache miss)
62 silly packumentCache full:https://registry.npmjs.org/postcss set size:undefined disposed:false
63 silly fetch manifest autoprefixer@^10.4.19
64 silly packumentCache full:https://registry.npmjs.org/autoprefixer cache-miss
65 http fetch GET 200 https://registry.npmjs.org/autoprefixer 74ms (cache miss)
66 silly packumentCache full:https://registry.npmjs.org/autoprefixer set size:undefined disposed:false
67 silly fetch manifest lucide-react@^0.378.0
68 silly packumentCache full:https://registry.npmjs.org/lucide-react cache-miss
69 http fetch GET 200 https://registry.npmjs.org/lucide-react 108ms (cache miss)
70 silly packumentCache full:https://registry.npmjs.org/lucide-react set size:undefined disposed:false
71 silly placeDep ROOT @types/node@20.19.43 OK for: wc-prediction-game@0.1.0 want: ^20.12.7
72 silly placeDep ROOT @types/react@18.3.31 OK for: wc-prediction-game@0.1.0 want: ^18.3.1
73 silly placeDep ROOT @types/react-dom@18.3.7 OK for: wc-prediction-game@0.1.0 want: ^18.3.0
74 silly placeDep ROOT autoprefixer@10.5.0 OK for: wc-prediction-game@0.1.0 want: ^10.4.19
75 silly placeDep ROOT postcss@8.5.15 OK for: autoprefixer@10.5.0 want: ^8.1.0
76 silly placeDep ROOT lucide-react@0.378.0 OK for: wc-prediction-game@0.1.0 want: ^0.378.0
77 silly placeDep ROOT react@18.3.1 OK for: lucide-react@0.378.0 want: ^16.5.1 || ^17.0.0 || ^18.0.0
78 silly placeDep ROOT next@14.2.35 OK for: wc-prediction-game@0.1.0 want: ^14.2.0
79 silly placeDep ROOT react-dom@18.3.1 OK for: next@14.2.35 want: ^18.2.0
80 silly placeDep ROOT tailwindcss@3.4.19 OK for: wc-prediction-game@0.1.0 want: ^3.4.3
81 silly placeDep ROOT typescript@5.9.3 OK for: wc-prediction-game@0.1.0 want: ^5.4.5
82 silly fetch manifest undici-types@~6.21.0
83 silly packumentCache full:https://registry.npmjs.org/undici-types cache-miss
84 silly fetch manifest csstype@^3.2.2
85 silly packumentCache full:https://registry.npmjs.org/csstype cache-miss
86 silly fetch manifest @types/prop-types@*
87 silly packumentCache full:https://registry.npmjs.org/@types%2fprop-types cache-miss
88 silly fetch manifest picocolors@^1.1.1
89 silly packumentCache full:https://registry.npmjs.org/picocolors cache-miss
90 silly fetch manifest fraction.js@^5.3.4
91 silly packumentCache full:https://registry.npmjs.org/fraction.js cache-miss
92 silly fetch manifest browserslist@^4.28.2
93 silly packumentCache full:https://registry.npmjs.org/browserslist cache-miss
94 silly fetch manifest caniuse-lite@^1.0.30001787
95 silly packumentCache full:https://registry.npmjs.org/caniuse-lite cache-miss
96 silly fetch manifest postcss-value-parser@^4.2.0
97 silly packumentCache full:https://registry.npmjs.org/postcss-value-parser cache-miss
98 silly fetch manifest nanoid@^3.3.12
99 silly packumentCache full:https://registry.npmjs.org/nanoid cache-miss
100 silly fetch manifest picocolors@^1.1.1
101 silly packumentCache full:https://registry.npmjs.org/picocolors cache-miss
102 silly fetch manifest source-map-js@^1.2.1
103 silly packumentCache full:https://registry.npmjs.org/source-map-js cache-miss
104 http fetch GET 200 https://registry.npmjs.org/undici-types 63ms (cache miss)
105 silly packumentCache full:https://registry.npmjs.org/undici-types set size:undefined disposed:false
106 silly fetch manifest loose-envify@^1.1.0
107 silly packumentCache full:https://registry.npmjs.org/loose-envify cache-miss
108 http fetch GET 200 https://registry.npmjs.org/csstype 67ms (cache miss)
109 silly packumentCache full:https://registry.npmjs.org/csstype set size:undefined disposed:false
110 silly fetch manifest busboy@1.6.0
111 silly packumentCache full:https://registry.npmjs.org/busboy cache-miss
112 http fetch GET 200 https://registry.npmjs.org/loose-envify 50ms (cache miss)
113 silly packumentCache full:https://registry.npmjs.org/loose-envify set size:undefined disposed:false
114 silly fetch manifest postcss@8.4.31
115 silly packumentCache full:https://registry.npmjs.org/postcss cache-miss
116 http cache https://registry.npmjs.org/postcss 4ms (cache hit)
117 silly packumentCache full:https://registry.npmjs.org/postcss set size:723316 disposed:false
118 silly fetch manifest @next/env@14.2.35
119 silly packumentCache full:https://registry.npmjs.org/@next%2fenv cache-miss
120 http fetch GET 200 https://registry.npmjs.org/busboy 57ms (cache miss)
121 silly packumentCache full:https://registry.npmjs.org/busboy set size:undefined disposed:false
122 silly fetch manifest styled-jsx@5.1.1
123 silly packumentCache full:https://registry.npmjs.org/styled-jsx cache-miss
124 http fetch GET 200 https://registry.npmjs.org/picocolors 152ms (cache miss)
125 silly packumentCache full:https://registry.npmjs.org/picocolors set size:undefined disposed:false
126 silly fetch manifest graceful-fs@^4.2.11
127 silly packumentCache full:https://registry.npmjs.org/graceful-fs cache-miss
128 http fetch GET 200 https://registry.npmjs.org/picocolors 157ms (cache miss)
129 silly packumentCache full:https://registry.npmjs.org/picocolors set size:undefined disposed:false
130 silly fetch manifest @swc/helpers@0.5.5
131 silly packumentCache full:https://registry.npmjs.org/@swc%2fhelpers cache-miss
132 http fetch GET 200 https://registry.npmjs.org/fraction.js 162ms (cache miss)
133 silly packumentCache full:https://registry.npmjs.org/fraction.js set size:undefined disposed:false
134 silly fetch manifest caniuse-lite@^1.0.30001579
135 silly packumentCache full:https://registry.npmjs.org/caniuse-lite cache-miss
136 http fetch GET 200 https://registry.npmjs.org/source-map-js 162ms (cache miss)
137 silly packumentCache full:https://registry.npmjs.org/source-map-js set size:undefined disposed:false
138 silly fetch manifest @next/swc-darwin-x64@14.2.33
139 silly packumentCache full:https://registry.npmjs.org/@next%2fswc-darwin-x64 cache-miss
140 http fetch GET 200 https://registry.npmjs.org/postcss-value-parser 166ms (cache miss)
141 silly packumentCache full:https://registry.npmjs.org/postcss-value-parser set size:undefined disposed:false
142 silly fetch manifest @next/swc-darwin-arm64@14.2.33
143 silly packumentCache full:https://registry.npmjs.org/@next%2fswc-darwin-arm64 cache-miss
144 http fetch GET 200 https://registry.npmjs.org/@types%2fprop-types 170ms (cache miss)
145 silly packumentCache full:https://registry.npmjs.org/@types%2fprop-types set size:undefined disposed:false
146 silly fetch manifest @next/swc-linux-x64-gnu@14.2.33
147 silly packumentCache full:https://registry.npmjs.org/@next%2fswc-linux-x64-gnu cache-miss
148 http fetch GET 200 https://registry.npmjs.org/styled-jsx 61ms (cache miss)
149 silly packumentCache full:https://registry.npmjs.org/styled-jsx set size:undefined disposed:false
150 silly fetch manifest @next/swc-linux-x64-musl@14.2.33
151 silly packumentCache full:https://registry.npmjs.org/@next%2fswc-linux-x64-musl cache-miss
152 http fetch GET 200 https://registry.npmjs.org/browserslist 218ms (cache miss)
153 silly packumentCache full:https://registry.npmjs.org/browserslist set size:undefined disposed:false
154 silly fetch manifest @next/swc-win32-x64-msvc@14.2.33
155 silly packumentCache full:https://registry.npmjs.org/@next%2fswc-win32-x64-msvc cache-miss
156 http fetch GET 200 https://registry.npmjs.org/nanoid 222ms (cache miss)
157 silly packumentCache full:https://registry.npmjs.org/nanoid set size:undefined disposed:false
158 silly fetch manifest @next/swc-linux-arm64-gnu@14.2.33
159 silly packumentCache full:https://registry.npmjs.org/@next%2fswc-linux-arm64-gnu cache-miss
160 http fetch GET 200 https://registry.npmjs.org/graceful-fs 72ms (cache miss)
161 silly packumentCache full:https://registry.npmjs.org/graceful-fs set size:undefined disposed:false
162 silly fetch manifest @next/swc-win32-ia32-msvc@14.2.33
163 silly packumentCache full:https://registry.npmjs.org/@next%2fswc-win32-ia32-msvc cache-miss
164 http fetch GET 200 https://registry.npmjs.org/@swc%2fhelpers 112ms (cache miss)
165 silly packumentCache full:https://registry.npmjs.org/@swc%2fhelpers set size:undefined disposed:false
166 silly fetch manifest @next/swc-linux-arm64-musl@14.2.33
167 silly packumentCache full:https://registry.npmjs.org/@next%2fswc-linux-arm64-musl cache-miss
168 http fetch GET 200 https://registry.npmjs.org/caniuse-lite 326ms (cache miss)
169 silly packumentCache full:https://registry.npmjs.org/caniuse-lite set size:undefined disposed:false
170 silly fetch manifest @next/swc-win32-arm64-msvc@14.2.33
171 silly packumentCache full:https://registry.npmjs.org/@next%2fswc-win32-arm64-msvc cache-miss
172 http fetch GET 200 https://registry.npmjs.org/caniuse-lite 190ms (cache miss)
173 silly packumentCache full:https://registry.npmjs.org/caniuse-lite set size:undefined disposed:false
174 silly fetch manifest scheduler@^0.23.2
175 silly packumentCache full:https://registry.npmjs.org/scheduler cache-miss
176 http fetch GET 200 https://registry.npmjs.org/@next%2fswc-linux-x64-musl 212ms (cache miss)
177 silly packumentCache full:https://registry.npmjs.org/@next%2fswc-linux-x64-musl set size:undefined disposed:false
178 silly fetch manifest arg@^5.0.2
179 silly packumentCache full:https://registry.npmjs.org/arg cache-miss
180 http fetch GET 200 https://registry.npmjs.org/@next%2fenv 311ms (cache miss)
181 silly packumentCache full:https://registry.npmjs.org/@next%2fenv set size:undefined disposed:false
182 silly fetch manifest dlv@^1.1.3
183 silly packumentCache full:https://registry.npmjs.org/dlv cache-miss
184 http fetch GET 200 https://registry.npmjs.org/@next%2fswc-linux-x64-gnu 293ms (cache miss)
185 silly packumentCache full:https://registry.npmjs.org/@next%2fswc-linux-x64-gnu set size:undefined disposed:false
186 silly fetch manifest jiti@^1.21.7
187 silly packumentCache full:https://registry.npmjs.org/jiti cache-miss
188 http fetch GET 200 https://registry.npmjs.org/@next%2fswc-darwin-x64 352ms (cache miss)
189 silly packumentCache full:https://registry.npmjs.org/@next%2fswc-darwin-x64 set size:undefined disposed:false
190 silly fetch manifest is-glob@^4.0.3
191 silly packumentCache full:https://registry.npmjs.org/is-glob cache-miss
192 http fetch GET 200 https://registry.npmjs.org/arg 122ms (cache miss)
193 silly packumentCache full:https://registry.npmjs.org/arg set size:undefined disposed:false
194 silly fetch manifest resolve@^1.22.8
195 silly packumentCache full:https://registry.npmjs.org/resolve cache-miss
196 http fetch GET 200 https://registry.npmjs.org/@next%2fswc-win32-x64-msvc 328ms (cache miss)
197 silly packumentCache full:https://registry.npmjs.org/@next%2fswc-win32-x64-msvc set size:undefined disposed:false
198 silly fetch manifest sucrase@^3.35.0
199 silly packumentCache full:https://registry.npmjs.org/sucrase cache-miss
200 http fetch GET 200 https://registry.npmjs.org/dlv 122ms (cache miss)
201 silly packumentCache full:https://registry.npmjs.org/dlv set size:undefined disposed:false
202 silly fetch manifest chokidar@^3.6.0
203 silly packumentCache full:https://registry.npmjs.org/chokidar cache-miss
204 http fetch GET 200 https://registry.npmjs.org/jiti 126ms (cache miss)
205 silly packumentCache full:https://registry.npmjs.org/jiti set size:undefined disposed:false
206 silly fetch manifest fast-glob@^3.3.2
207 silly packumentCache full:https://registry.npmjs.org/fast-glob cache-miss
208 http fetch GET 200 https://registry.npmjs.org/@next%2fswc-linux-arm64-musl 334ms (cache miss)
209 silly packumentCache full:https://registry.npmjs.org/@next%2fswc-linux-arm64-musl set size:undefined disposed:false
210 silly fetch manifest lilconfig@^3.1.3
211 silly packumentCache full:https://registry.npmjs.org/lilconfig cache-miss
212 http fetch GET 200 https://registry.npmjs.org/is-glob 98ms (cache miss)
213 silly packumentCache full:https://registry.npmjs.org/is-glob set size:undefined disposed:false
214 silly fetch manifest didyoumean@^1.2.2
215 silly packumentCache full:https://registry.npmjs.org/didyoumean cache-miss
216 http fetch GET 200 https://registry.npmjs.org/@next%2fswc-win32-arm64-msvc 304ms (cache miss)
217 silly packumentCache full:https://registry.npmjs.org/@next%2fswc-win32-arm64-msvc set size:undefined disposed:false
218 silly fetch manifest micromatch@^4.0.8
219 silly packumentCache full:https://registry.npmjs.org/micromatch cache-miss
220 http fetch GET 200 https://registry.npmjs.org/scheduler 291ms (cache miss)
221 silly packumentCache full:https://registry.npmjs.org/scheduler set size:undefined disposed:false
222 silly fetch manifest postcss-js@^4.0.1
223 silly packumentCache full:https://registry.npmjs.org/postcss-js cache-miss
224 http fetch GET 200 https://registry.npmjs.org/resolve 140ms (cache miss)
225 silly packumentCache full:https://registry.npmjs.org/resolve set size:undefined disposed:false
226 silly fetch manifest glob-parent@^6.0.2
227 silly packumentCache full:https://registry.npmjs.org/glob-parent cache-miss
228 http fetch GET 200 https://registry.npmjs.org/chokidar 108ms (cache miss)
229 silly packumentCache full:https://registry.npmjs.org/chokidar set size:undefined disposed:false
230 silly fetch manifest object-hash@^3.0.0
231 silly packumentCache full:https://registry.npmjs.org/object-hash cache-miss
232 http fetch GET 200 https://registry.npmjs.org/sucrase 120ms (cache miss)
233 silly packumentCache full:https://registry.npmjs.org/sucrase set size:undefined disposed:false
234 silly fetch manifest normalize-path@^3.0.0
235 silly packumentCache full:https://registry.npmjs.org/normalize-path cache-miss
236 http fetch GET 200 https://registry.npmjs.org/lilconfig 64ms (cache miss)
237 silly packumentCache full:https://registry.npmjs.org/lilconfig set size:undefined disposed:false
238 silly fetch manifest postcss-import@^15.1.0
239 silly packumentCache full:https://registry.npmjs.org/postcss-import cache-miss
240 http fetch GET 200 https://registry.npmjs.org/fast-glob 80ms (cache miss)
241 silly packumentCache full:https://registry.npmjs.org/fast-glob set size:undefined disposed:false
242 silly fetch manifest postcss-nested@^6.2.0
243 silly packumentCache full:https://registry.npmjs.org/postcss-nested cache-miss
244 http fetch GET 200 https://registry.npmjs.org/didyoumean 60ms (cache miss)
245 silly packumentCache full:https://registry.npmjs.org/didyoumean set size:undefined disposed:false
246 silly fetch manifest @alloc/quick-lru@^5.2.0
247 silly packumentCache full:https://registry.npmjs.org/@alloc%2fquick-lru cache-miss
248 http fetch GET 200 https://registry.npmjs.org/@next%2fswc-linux-arm64-gnu 472ms (cache miss)
249 silly packumentCache full:https://registry.npmjs.org/@next%2fswc-linux-arm64-gnu set size:undefined disposed:false
250 silly fetch manifest postcss-load-config@^4.0.2 || ^5.0 || ^6.0
251 silly packumentCache full:https://registry.npmjs.org/postcss-load-config cache-miss
252 http fetch GET 200 https://registry.npmjs.org/micromatch 62ms (cache miss)
253 silly packumentCache full:https://registry.npmjs.org/micromatch set size:undefined disposed:false
254 silly fetch manifest postcss-selector-parser@^6.1.2
255 silly packumentCache full:https://registry.npmjs.org/postcss-selector-parser cache-miss
256 http fetch GET 200 https://registry.npmjs.org/postcss-js 43ms (cache miss)
257 silly packumentCache full:https://registry.npmjs.org/postcss-js set size:undefined disposed:false
258 http fetch GET 200 https://registry.npmjs.org/postcss-nested 49ms (cache miss)
259 silly packumentCache full:https://registry.npmjs.org/postcss-nested set size:undefined disposed:false
260 http fetch GET 200 https://registry.npmjs.org/glob-parent 59ms (cache miss)
261 silly packumentCache full:https://registry.npmjs.org/glob-parent set size:undefined disposed:false
262 http fetch GET 200 https://registry.npmjs.org/object-hash 63ms (cache miss)
263 silly packumentCache full:https://registry.npmjs.org/object-hash set size:undefined disposed:false
264 http fetch GET 200 https://registry.npmjs.org/normalize-path 64ms (cache miss)
265 silly packumentCache full:https://registry.npmjs.org/normalize-path set size:undefined disposed:false
266 http fetch GET 200 https://registry.npmjs.org/postcss-import 63ms (cache miss)
267 silly packumentCache full:https://registry.npmjs.org/postcss-import set size:undefined disposed:false
268 http fetch GET 200 https://registry.npmjs.org/postcss-load-config 53ms (cache miss)
269 silly packumentCache full:https://registry.npmjs.org/postcss-load-config set size:undefined disposed:false
270 http fetch GET 200 https://registry.npmjs.org/@alloc%2fquick-lru 76ms (cache miss)
271 silly packumentCache full:https://registry.npmjs.org/@alloc%2fquick-lru set size:undefined disposed:false
272 http fetch GET 200 https://registry.npmjs.org/postcss-selector-parser 51ms (cache miss)
273 silly packumentCache full:https://registry.npmjs.org/postcss-selector-parser set size:undefined disposed:false
274 http fetch GET 200 https://registry.npmjs.org/@next%2fswc-darwin-arm64 701ms (cache miss)
275 silly packumentCache full:https://registry.npmjs.org/@next%2fswc-darwin-arm64 set size:undefined disposed:false
276 http fetch GET 200 https://registry.npmjs.org/@next%2fswc-win32-ia32-msvc 734ms (cache miss)
277 silly packumentCache full:https://registry.npmjs.org/@next%2fswc-win32-ia32-msvc set size:undefined disposed:false
278 silly placeDep ROOT undici-types@6.21.0 OK for: @types/node@20.19.43 want: ~6.21.0
279 silly placeDep ROOT @types/prop-types@15.7.15 OK for: @types/react@18.3.31 want: *
280 silly placeDep ROOT csstype@3.2.3 OK for: @types/react@18.3.31 want: ^3.2.2
281 silly placeDep ROOT browserslist@4.28.2 OK for: autoprefixer@10.5.0 want: ^4.28.2
282 silly placeDep ROOT caniuse-lite@1.0.30001799 OK for: autoprefixer@10.5.0 want: ^1.0.30001787
283 silly placeDep ROOT fraction.js@5.3.4 OK for: autoprefixer@10.5.0 want: ^5.3.4
284 silly placeDep ROOT picocolors@1.1.1 OK for: autoprefixer@10.5.0 want: ^1.1.1
285 silly placeDep ROOT postcss-value-parser@4.2.0 OK for: autoprefixer@10.5.0 want: ^4.2.0
286 silly fetch manifest caniuse-lite@^1.0.30001782
287 silly packumentCache full:https://registry.npmjs.org/caniuse-lite cache-miss
288 silly fetch manifest node-releases@^2.0.36
289 silly packumentCache full:https://registry.npmjs.org/node-releases cache-miss
290 silly fetch manifest electron-to-chromium@^1.5.328
291 silly packumentCache full:https://registry.npmjs.org/electron-to-chromium cache-miss
292 silly fetch manifest update-browserslist-db@^1.2.3
293 silly packumentCache full:https://registry.npmjs.org/update-browserslist-db cache-miss
294 silly fetch manifest baseline-browser-mapping@^2.10.12
295 silly packumentCache full:https://registry.npmjs.org/baseline-browser-mapping cache-miss
296 http cache https://registry.npmjs.org/caniuse-lite 8ms (cache hit)
297 silly packumentCache full:https://registry.npmjs.org/caniuse-lite set size:2297040 disposed:false
298 http fetch GET 200 https://registry.npmjs.org/node-releases 52ms (cache miss)
299 silly packumentCache full:https://registry.npmjs.org/node-releases set size:undefined disposed:false
300 http fetch GET 200 https://registry.npmjs.org/update-browserslist-db 58ms (cache miss)
301 silly packumentCache full:https://registry.npmjs.org/update-browserslist-db set size:undefined disposed:false
302 http fetch GET 200 https://registry.npmjs.org/baseline-browser-mapping 59ms (cache miss)
303 silly packumentCache full:https://registry.npmjs.org/baseline-browser-mapping set size:undefined disposed:false
304 http fetch GET 200 https://registry.npmjs.org/electron-to-chromium 165ms (cache miss)
305 silly packumentCache full:https://registry.npmjs.org/electron-to-chromium set size:undefined disposed:false
306 silly fetch manifest browserslist@>= 4.21.0
307 silly packumentCache full:https://registry.npmjs.org/browserslist cache-miss
308 http cache https://registry.npmjs.org/browserslist 2ms (cache hit)
309 silly packumentCache full:https://registry.npmjs.org/browserslist set size:509301 disposed:false
310 silly placeDep ROOT baseline-browser-mapping@2.10.38 OK for: browserslist@4.28.2 want: ^2.10.12
311 silly placeDep ROOT electron-to-chromium@1.5.376 OK for: browserslist@4.28.2 want: ^1.5.328
312 silly placeDep ROOT node-releases@2.0.48 OK for: browserslist@4.28.2 want: ^2.0.36
313 silly placeDep ROOT update-browserslist-db@1.2.3 OK for: browserslist@4.28.2 want: ^1.2.3
314 silly fetch manifest escalade@^3.2.0
315 silly packumentCache full:https://registry.npmjs.org/escalade cache-miss
316 http fetch GET 200 https://registry.npmjs.org/escalade 51ms (cache miss)
317 silly packumentCache full:https://registry.npmjs.org/escalade set size:undefined disposed:false
318 silly fetch manifest react@^18.2.0
319 silly packumentCache full:https://registry.npmjs.org/react cache-miss
320 http cache https://registry.npmjs.org/react 7ms (cache hit)
321 silly packumentCache full:https://registry.npmjs.org/react set size:6738141 disposed:false
322 silly placeDep ROOT @next/env@14.2.35 OK for: next@14.2.35 want: 14.2.35
323 silly placeDep ROOT @next/swc-darwin-arm64@14.2.33 OK for: next@14.2.35 want: 14.2.33
324 silly placeDep ROOT @next/swc-darwin-x64@14.2.33 OK for: next@14.2.35 want: 14.2.33
325 silly placeDep ROOT @next/swc-linux-arm64-gnu@14.2.33 OK for: next@14.2.35 want: 14.2.33
326 silly placeDep ROOT @next/swc-linux-arm64-musl@14.2.33 OK for: next@14.2.35 want: 14.2.33
327 silly placeDep ROOT @next/swc-linux-x64-gnu@14.2.33 OK for: next@14.2.35 want: 14.2.33
328 silly placeDep ROOT @next/swc-linux-x64-musl@14.2.33 OK for: next@14.2.35 want: 14.2.33
329 silly placeDep ROOT @next/swc-win32-arm64-msvc@14.2.33 OK for: next@14.2.35 want: 14.2.33
330 silly placeDep ROOT @next/swc-win32-ia32-msvc@14.2.33 OK for: next@14.2.35 want: 14.2.33
331 silly placeDep ROOT @next/swc-win32-x64-msvc@14.2.33 OK for: next@14.2.35 want: 14.2.33
332 silly placeDep ROOT @swc/helpers@0.5.5 OK for: next@14.2.35 want: 0.5.5
333 silly placeDep ROOT busboy@1.6.0 OK for: next@14.2.35 want: 1.6.0
334 silly placeDep ROOT graceful-fs@4.2.11 OK for: next@14.2.35 want: ^4.2.11
335 silly placeDep node_modules/next postcss@8.4.31 OK for: next@14.2.35 want: 8.4.31
336 silly placeDep ROOT styled-jsx@5.1.1 OK for: next@14.2.35 want: 5.1.1
337 silly fetch manifest tslib@^2.4.0
338 silly packumentCache full:https://registry.npmjs.org/tslib cache-miss
339 silly fetch manifest @swc/counter@^0.1.3
340 silly packumentCache full:https://registry.npmjs.org/@swc%2fcounter cache-miss
341 silly fetch manifest streamsearch@^1.1.0
342 silly packumentCache full:https://registry.npmjs.org/streamsearch cache-miss
343 silly fetch manifest nanoid@^3.3.6
344 silly packumentCache full:https://registry.npmjs.org/nanoid cache-miss
345 silly fetch manifest source-map-js@^1.0.2
346 silly packumentCache full:https://registry.npmjs.org/source-map-js cache-miss
347 silly fetch manifest client-only@0.0.1
348 silly packumentCache full:https://registry.npmjs.org/client-only cache-miss
349 http cache https://registry.npmjs.org/source-map-js 6ms (cache hit)
350 silly packumentCache full:https://registry.npmjs.org/source-map-js set size:62640 disposed:false
351 http cache https://registry.npmjs.org/nanoid 7ms (cache hit)
352 silly packumentCache full:https://registry.npmjs.org/nanoid set size:330515 disposed:false
353 http fetch GET 200 https://registry.npmjs.org/streamsearch 47ms (cache miss)
354 silly packumentCache full:https://registry.npmjs.org/streamsearch set size:undefined disposed:false
355 http fetch GET 200 https://registry.npmjs.org/client-only 51ms (cache miss)
356 silly packumentCache full:https://registry.npmjs.org/client-only set size:undefined disposed:false
357 http fetch GET 200 https://registry.npmjs.org/tslib 59ms (cache miss)
358 silly packumentCache full:https://registry.npmjs.org/tslib set size:undefined disposed:false
359 http fetch GET 200 https://registry.npmjs.org/@swc%2fcounter 297ms (cache miss)
360 silly packumentCache full:https://registry.npmjs.org/@swc%2fcounter set size:undefined disposed:false
361 silly placeDep ROOT @swc/counter@0.1.3 OK for: @swc/helpers@0.5.5 want: ^0.1.3
362 silly placeDep ROOT tslib@2.8.1 OK for: @swc/helpers@0.5.5 want: ^2.4.0
363 silly placeDep ROOT streamsearch@1.1.0 OK for: busboy@1.6.0 want: ^1.1.0
364 silly placeDep ROOT nanoid@3.3.13 OK for: postcss@8.5.15 want: ^3.3.12
365 silly placeDep ROOT source-map-js@1.2.1 OK for: postcss@8.5.15 want: ^1.2.1
366 silly placeDep ROOT loose-envify@1.4.0 OK for: react@18.3.1 want: ^1.1.0
367 silly fetch manifest js-tokens@^3.0.0 || ^4.0.0
368 silly packumentCache full:https://registry.npmjs.org/js-tokens cache-miss
369 http fetch GET 200 https://registry.npmjs.org/js-tokens 49ms (cache miss)
370 silly packumentCache full:https://registry.npmjs.org/js-tokens set size:undefined disposed:false
371 silly placeDep ROOT js-tokens@4.0.0 OK for: loose-envify@1.4.0 want: ^3.0.0 || ^4.0.0
372 silly placeDep ROOT scheduler@0.23.2 OK for: react-dom@18.3.1 want: ^0.23.2
373 silly placeDep ROOT client-only@0.0.1 OK for: styled-jsx@5.1.1 want: 0.0.1
374 silly fetch manifest postcss@^8.4.47
375 silly packumentCache full:https://registry.npmjs.org/postcss cache-hit
376 silly fetch manifest tsx@^4.8.1
377 silly packumentCache full:https://registry.npmjs.org/tsx cache-miss
378 http fetch GET 200 https://registry.npmjs.org/tsx 68ms (cache miss)
379 silly packumentCache full:https://registry.npmjs.org/tsx set size:undefined disposed:false
380 silly fetch manifest yaml@^2.4.2
381 silly packumentCache full:https://registry.npmjs.org/yaml cache-miss
382 http fetch GET 200 https://registry.npmjs.org/yaml 51ms (cache miss)
383 silly packumentCache full:https://registry.npmjs.org/yaml set size:undefined disposed:false
384 silly placeDep ROOT @alloc/quick-lru@5.2.0 OK for: tailwindcss@3.4.19 want: ^5.2.0
385 silly placeDep ROOT arg@5.0.2 OK for: tailwindcss@3.4.19 want: ^5.0.2
386 silly placeDep ROOT chokidar@3.6.0 OK for: tailwindcss@3.4.19 want: ^3.6.0
387 silly placeDep ROOT didyoumean@1.2.2 OK for: tailwindcss@3.4.19 want: ^1.2.2
388 silly placeDep ROOT dlv@1.1.3 OK for: tailwindcss@3.4.19 want: ^1.1.3
389 silly placeDep ROOT fast-glob@3.3.3 OK for: tailwindcss@3.4.19 want: ^3.3.2
390 silly placeDep ROOT glob-parent@6.0.2 OK for: tailwindcss@3.4.19 want: ^6.0.2
391 silly placeDep ROOT is-glob@4.0.3 OK for: tailwindcss@3.4.19 want: ^4.0.3
392 silly placeDep ROOT jiti@1.21.7 OK for: tailwindcss@3.4.19 want: ^1.21.7
393 silly placeDep ROOT lilconfig@3.1.3 OK for: tailwindcss@3.4.19 want: ^3.1.3
394 silly placeDep ROOT micromatch@4.0.8 OK for: tailwindcss@3.4.19 want: ^4.0.8
395 silly placeDep ROOT normalize-path@3.0.0 OK for: tailwindcss@3.4.19 want: ^3.0.0
396 silly placeDep ROOT object-hash@3.0.0 OK for: tailwindcss@3.4.19 want: ^3.0.0
397 silly placeDep ROOT postcss-import@15.1.0 OK for: tailwindcss@3.4.19 want: ^15.1.0
398 silly placeDep ROOT postcss-js@4.1.0 OK for: tailwindcss@3.4.19 want: ^4.0.1
399 silly placeDep ROOT postcss-load-config@6.0.1 OK for: tailwindcss@3.4.19 want: ^4.0.2 || ^5.0 || ^6.0
400 silly placeDep ROOT postcss-nested@6.2.0 OK for: tailwindcss@3.4.19 want: ^6.2.0
401 silly placeDep ROOT postcss-selector-parser@6.1.4 OK for: tailwindcss@3.4.19 want: ^6.1.2
402 silly placeDep ROOT resolve@1.22.12 OK for: tailwindcss@3.4.19 want: ^1.22.8
403 silly placeDep ROOT sucrase@3.35.1 OK for: tailwindcss@3.4.19 want: ^3.35.0
404 silly fetch manifest braces@~3.0.2
405 silly packumentCache full:https://registry.npmjs.org/braces cache-miss
406 silly fetch manifest is-glob@~4.0.1
407 silly packumentCache full:https://registry.npmjs.org/is-glob cache-miss
408 silly fetch manifest anymatch@~3.1.2
409 silly packumentCache full:https://registry.npmjs.org/anymatch cache-miss
410 silly fetch manifest readdirp@~3.6.0
411 silly packumentCache full:https://registry.npmjs.org/readdirp cache-miss
412 silly fetch manifest glob-parent@~5.1.2
413 silly packumentCache full:https://registry.npmjs.org/glob-parent cache-miss
414 silly fetch manifest is-binary-path@~2.1.0
415 silly packumentCache full:https://registry.npmjs.org/is-binary-path cache-miss
416 silly fetch manifest normalize-path@~3.0.0
417 silly packumentCache full:https://registry.npmjs.org/normalize-path cache-miss
418 silly fetch manifest fsevents@~2.3.2
419 silly packumentCache full:https://registry.npmjs.org/fsevents cache-miss
420 silly fetch manifest @nodelib/fs.stat@^2.0.2
421 silly packumentCache full:https://registry.npmjs.org/@nodelib%2ffs.stat cache-miss
422 silly fetch manifest @nodelib/fs.walk@^1.2.3
423 silly packumentCache full:https://registry.npmjs.org/@nodelib%2ffs.walk cache-miss
424 silly fetch manifest glob-parent@^5.1.2
425 silly packumentCache full:https://registry.npmjs.org/glob-parent cache-miss
426 http cache https://registry.npmjs.org/glob-parent 5ms (cache hit)
427 silly packumentCache full:https://registry.npmjs.org/glob-parent set size:42445 disposed:false
428 silly fetch manifest merge2@^1.3.0
429 silly packumentCache full:https://registry.npmjs.org/merge2 cache-miss
430 http cache https://registry.npmjs.org/normalize-path 7ms (cache hit)
431 silly packumentCache full:https://registry.npmjs.org/normalize-path set size:28713 disposed:false
432 silly fetch manifest is-extglob@^2.1.1
433 silly packumentCache full:https://registry.npmjs.org/is-extglob cache-miss
434 http cache https://registry.npmjs.org/is-glob 8ms (cache hit)
435 silly packumentCache full:https://registry.npmjs.org/is-glob set size:40530 disposed:false
436 silly fetch manifest braces@^3.0.3
437 silly packumentCache full:https://registry.npmjs.org/braces cache-miss
438 http cache https://registry.npmjs.org/glob-parent 9ms (cache hit)
439 silly packumentCache full:https://registry.npmjs.org/glob-parent set size:42445 disposed:false
440 silly packumentCache full:https://registry.npmjs.org/glob-parent dispose
441 silly fetch manifest picomatch@^2.3.1
442 silly packumentCache full:https://registry.npmjs.org/picomatch cache-miss
443 http fetch GET 200 https://registry.npmjs.org/is-binary-path 57ms (cache miss)
444 silly packumentCache full:https://registry.npmjs.org/is-binary-path set size:undefined disposed:false
445 silly fetch manifest resolve@^1.1.7
446 silly packumentCache full:https://registry.npmjs.org/resolve cache-miss
447 http fetch GET 200 https://registry.npmjs.org/is-extglob 49ms (cache miss)
448 silly packumentCache full:https://registry.npmjs.org/is-extglob set size:undefined disposed:false
449 silly fetch manifest read-cache@^1.0.0
450 silly packumentCache full:https://registry.npmjs.org/read-cache cache-miss
451 http fetch GET 200 https://registry.npmjs.org/anymatch 58ms (cache miss)
452 silly packumentCache full:https://registry.npmjs.org/anymatch set size:undefined disposed:false
453 silly fetch manifest camelcase-css@^2.0.1
454 silly packumentCache full:https://registry.npmjs.org/camelcase-css cache-miss
455 http fetch GET 200 https://registry.npmjs.org/fsevents 60ms (cache miss)
456 silly packumentCache full:https://registry.npmjs.org/fsevents set size:undefined disposed:false
457 silly fetch manifest postcss-selector-parser@^6.1.1
458 silly packumentCache full:https://registry.npmjs.org/postcss-selector-parser cache-miss
459 http fetch GET 200 https://registry.npmjs.org/readdirp 61ms (cache miss)
460 silly packumentCache full:https://registry.npmjs.org/readdirp set size:undefined disposed:false
461 silly fetch manifest cssesc@^3.0.0
462 silly packumentCache full:https://registry.npmjs.org/cssesc cache-miss
463 http fetch GET 200 https://registry.npmjs.org/picomatch 53ms (cache miss)
464 silly packumentCache full:https://registry.npmjs.org/picomatch set size:undefined disposed:false
465 silly fetch manifest util-deprecate@^1.0.2
466 silly packumentCache full:https://registry.npmjs.org/util-deprecate cache-miss
467 http cache https://registry.npmjs.org/resolve 8ms (cache hit)
468 silly packumentCache full:https://registry.npmjs.org/resolve set size:244568 disposed:false
469 silly fetch manifest es-errors@^1.3.0
470 silly packumentCache full:https://registry.npmjs.org/es-errors cache-miss
471 http cache https://registry.npmjs.org/postcss-selector-parser 6ms (cache hit)
472 silly packumentCache full:https://registry.npmjs.org/postcss-selector-parser set size:193966 disposed:false
473 silly fetch manifest path-parse@^1.0.7
474 silly packumentCache full:https://registry.npmjs.org/path-parse cache-miss
475 http fetch GET 200 https://registry.npmjs.org/braces 69ms (cache miss)
476 silly packumentCache full:https://registry.npmjs.org/braces set size:undefined disposed:false
477 silly fetch manifest is-core-module@^2.16.1
478 silly packumentCache full:https://registry.npmjs.org/is-core-module cache-miss
479 http fetch GET 200 https://registry.npmjs.org/braces 65ms (cache miss)
480 silly packumentCache full:https://registry.npmjs.org/braces set size:undefined disposed:false
481 silly fetch manifest supports-preserve-symlinks-flag@^1.0.0
482 silly packumentCache full:https://registry.npmjs.org/supports-preserve-symlinks-flag cache-miss
483 http fetch GET 200 https://registry.npmjs.org/@nodelib%2ffs.walk 74ms (cache miss)
484 silly packumentCache full:https://registry.npmjs.org/@nodelib%2ffs.walk set size:undefined disposed:false
485 silly fetch manifest @jridgewell/gen-mapping@^0.3.2
486 silly packumentCache full:https://registry.npmjs.org/@jridgewell%2fgen-mapping cache-miss
487 http fetch GET 200 https://registry.npmjs.org/merge2 72ms (cache miss)
488 silly packumentCache full:https://registry.npmjs.org/merge2 set size:undefined disposed:false
489 silly fetch manifest commander@^4.0.0
490 silly packumentCache full:https://registry.npmjs.org/commander cache-miss
491 http fetch GET 200 https://registry.npmjs.org/@nodelib%2ffs.stat 85ms (cache miss)
492 silly packumentCache full:https://registry.npmjs.org/@nodelib%2ffs.stat set size:undefined disposed:false
493 silly fetch manifest lines-and-columns@^1.1.6
494 silly packumentCache full:https://registry.npmjs.org/lines-and-columns cache-miss
495 http fetch GET 200 https://registry.npmjs.org/read-cache 51ms (cache miss)
496 silly packumentCache full:https://registry.npmjs.org/read-cache set size:undefined disposed:false
497 silly fetch manifest mz@^2.7.0
498 silly packumentCache full:https://registry.npmjs.org/mz cache-miss
499 http fetch GET 200 https://registry.npmjs.org/util-deprecate 59ms (cache miss)
500 silly packumentCache full:https://registry.npmjs.org/util-deprecate set size:undefined disposed:false
501 silly fetch manifest pirates@^4.0.1
502 silly packumentCache full:https://registry.npmjs.org/pirates cache-miss
503 http fetch GET 200 https://registry.npmjs.org/path-parse 54ms (cache miss)
504 silly packumentCache full:https://registry.npmjs.org/path-parse set size:undefined disposed:false
505 silly fetch manifest tinyglobby@^0.2.11
506 silly packumentCache full:https://registry.npmjs.org/tinyglobby cache-miss
507 http fetch GET 200 https://registry.npmjs.org/cssesc 61ms (cache miss)
508 silly packumentCache full:https://registry.npmjs.org/cssesc set size:undefined disposed:false
509 silly fetch manifest ts-interface-checker@^0.1.9
510 silly packumentCache full:https://registry.npmjs.org/ts-interface-checker cache-miss
511 http fetch GET 200 https://registry.npmjs.org/camelcase-css 66ms (cache miss)
512 silly packumentCache full:https://registry.npmjs.org/camelcase-css set size:undefined disposed:false
513 http fetch GET 200 https://registry.npmjs.org/es-errors 59ms (cache miss)
514 silly packumentCache full:https://registry.npmjs.org/es-errors set size:undefined disposed:false
515 http fetch GET 200 https://registry.npmjs.org/is-core-module 57ms (cache miss)
516 silly packumentCache full:https://registry.npmjs.org/is-core-module set size:undefined disposed:false
517 http fetch GET 200 https://registry.npmjs.org/supports-preserve-symlinks-flag 57ms (cache miss)
518 silly packumentCache full:https://registry.npmjs.org/supports-preserve-symlinks-flag set size:undefined disposed:false
519 http fetch GET 200 https://registry.npmjs.org/lines-and-columns 53ms (cache miss)
520 silly packumentCache full:https://registry.npmjs.org/lines-and-columns set size:undefined disposed:false
521 http fetch GET 200 https://registry.npmjs.org/mz 49ms (cache miss)
522 silly packumentCache full:https://registry.npmjs.org/mz set size:undefined disposed:false
523 http fetch GET 200 https://registry.npmjs.org/commander 90ms (cache miss)
524 silly packumentCache full:https://registry.npmjs.org/commander set size:undefined disposed:false
525 http fetch GET 200 https://registry.npmjs.org/@jridgewell%2fgen-mapping 95ms (cache miss)
526 silly packumentCache full:https://registry.npmjs.org/@jridgewell%2fgen-mapping set size:undefined disposed:false
527 http fetch GET 200 https://registry.npmjs.org/ts-interface-checker 48ms (cache miss)
528 silly packumentCache full:https://registry.npmjs.org/ts-interface-checker set size:undefined disposed:false
529 http fetch GET 200 https://registry.npmjs.org/tinyglobby 52ms (cache miss)
530 silly packumentCache full:https://registry.npmjs.org/tinyglobby set size:undefined disposed:false
531 http fetch GET 200 https://registry.npmjs.org/pirates 54ms (cache miss)
532 silly packumentCache full:https://registry.npmjs.org/pirates set size:undefined disposed:false
533 silly placeDep ROOT anymatch@3.1.3 OK for: chokidar@3.6.0 want: ~3.1.2
534 silly placeDep ROOT braces@3.0.3 OK for: chokidar@3.6.0 want: ~3.0.2
535 silly placeDep ROOT fsevents@2.3.3 OK for: chokidar@3.6.0 want: ~2.3.2
536 silly placeDep node_modules/chokidar glob-parent@5.1.2 OK for: chokidar@3.6.0 want: ~5.1.2
537 silly placeDep ROOT is-binary-path@2.1.0 OK for: chokidar@3.6.0 want: ~2.1.0
538 silly placeDep ROOT readdirp@3.6.0 OK for: chokidar@3.6.0 want: ~3.6.0
539 silly fetch manifest picomatch@^2.0.4
540 silly packumentCache full:https://registry.npmjs.org/picomatch cache-miss
541 silly fetch manifest fill-range@^7.1.1
542 silly packumentCache full:https://registry.npmjs.org/fill-range cache-miss
543 silly fetch manifest binary-extensions@^2.0.0
544 silly packumentCache full:https://registry.npmjs.org/binary-extensions cache-miss
545 silly fetch manifest picomatch@^2.2.1
546 silly packumentCache full:https://registry.npmjs.org/picomatch cache-miss
547 http cache https://registry.npmjs.org/picomatch 2ms (cache hit)
548 silly packumentCache full:https://registry.npmjs.org/picomatch set size:126376 disposed:false
549 http cache https://registry.npmjs.org/picomatch 9ms (cache hit)
550 silly packumentCache full:https://registry.npmjs.org/picomatch set size:126376 disposed:false
551 silly packumentCache full:https://registry.npmjs.org/picomatch dispose
552 http fetch GET 200 https://registry.npmjs.org/binary-extensions 46ms (cache miss)
553 silly packumentCache full:https://registry.npmjs.org/binary-extensions set size:undefined disposed:false
554 http fetch GET 200 https://registry.npmjs.org/fill-range 52ms (cache miss)
555 silly packumentCache full:https://registry.npmjs.org/fill-range set size:undefined disposed:false
556 silly placeDep ROOT picomatch@2.3.2 OK for: anymatch@3.1.3 want: ^2.0.4
557 silly placeDep ROOT fill-range@7.1.1 OK for: braces@3.0.3 want: ^7.1.1
558 silly fetch manifest to-regex-range@^5.0.1
559 silly packumentCache full:https://registry.npmjs.org/to-regex-range cache-miss
560 http fetch GET 200 https://registry.npmjs.org/to-regex-range 54ms (cache miss)
561 silly packumentCache full:https://registry.npmjs.org/to-regex-range set size:undefined disposed:false
562 silly placeDep ROOT @nodelib/fs.stat@2.0.5 OK for: fast-glob@3.3.3 want: ^2.0.2
563 silly placeDep ROOT @nodelib/fs.walk@1.2.8 OK for: fast-glob@3.3.3 want: ^1.2.3
564 silly placeDep node_modules/fast-glob glob-parent@5.1.2 OK for: fast-glob@3.3.3 want: ^5.1.2
565 silly placeDep ROOT merge2@1.4.1 OK for: fast-glob@3.3.3 want: ^1.3.0
566 silly fetch manifest fastq@^1.6.0
567 silly packumentCache full:https://registry.npmjs.org/fastq cache-miss
568 silly fetch manifest @nodelib/fs.scandir@2.1.5
569 silly packumentCache full:https://registry.npmjs.org/@nodelib%2ffs.scandir cache-miss
570 http fetch GET 200 https://registry.npmjs.org/fastq 59ms (cache miss)
571 silly packumentCache full:https://registry.npmjs.org/fastq set size:undefined disposed:false
572 http fetch GET 200 https://registry.npmjs.org/@nodelib%2ffs.scandir 71ms (cache miss)
573 silly packumentCache full:https://registry.npmjs.org/@nodelib%2ffs.scandir set size:undefined disposed:false
574 silly placeDep ROOT @nodelib/fs.scandir@2.1.5 OK for: @nodelib/fs.walk@1.2.8 want: 2.1.5
575 silly placeDep ROOT fastq@1.20.1 OK for: @nodelib/fs.walk@1.2.8 want: ^1.6.0
576 silly fetch manifest run-parallel@^1.1.9
577 silly packumentCache full:https://registry.npmjs.org/run-parallel cache-miss
578 silly fetch manifest reusify@^1.0.4
579 silly packumentCache full:https://registry.npmjs.org/reusify cache-miss
580 http fetch GET 200 https://registry.npmjs.org/run-parallel 49ms (cache miss)
581 silly packumentCache full:https://registry.npmjs.org/run-parallel set size:undefined disposed:false
582 http fetch GET 200 https://registry.npmjs.org/reusify 59ms (cache miss)
583 silly packumentCache full:https://registry.npmjs.org/reusify set size:undefined disposed:false
584 silly placeDep ROOT run-parallel@1.2.0 OK for: @nodelib/fs.scandir@2.1.5 want: ^1.1.9
585 silly fetch manifest queue-microtask@^1.2.2
586 silly packumentCache full:https://registry.npmjs.org/queue-microtask cache-miss
587 http fetch GET 200 https://registry.npmjs.org/queue-microtask 56ms (cache miss)
588 silly packumentCache full:https://registry.npmjs.org/queue-microtask set size:undefined disposed:false
589 silly placeDep ROOT reusify@1.1.0 OK for: fastq@1.20.1 want: ^1.0.4
590 silly placeDep ROOT to-regex-range@5.0.1 OK for: fill-range@7.1.1 want: ^5.0.1
591 silly fetch manifest is-number@^7.0.0
592 silly packumentCache full:https://registry.npmjs.org/is-number cache-miss
593 http fetch GET 200 https://registry.npmjs.org/is-number 50ms (cache miss)
594 silly packumentCache full:https://registry.npmjs.org/is-number set size:undefined disposed:false
595 silly placeDep ROOT binary-extensions@2.3.0 OK for: is-binary-path@2.1.0 want: ^2.0.0
596 silly placeDep ROOT is-extglob@2.1.1 OK for: is-glob@4.0.3 want: ^2.1.1
597 silly placeDep ROOT read-cache@1.0.0 OK for: postcss-import@15.1.0 want: ^1.0.0
598 silly fetch manifest pify@^2.3.0
599 silly packumentCache full:https://registry.npmjs.org/pify cache-miss
600 http fetch GET 200 https://registry.npmjs.org/pify 47ms (cache miss)
601 silly packumentCache full:https://registry.npmjs.org/pify set size:undefined disposed:false
602 silly placeDep ROOT camelcase-css@2.0.1 OK for: postcss-js@4.1.0 want: ^2.0.1
603 silly placeDep ROOT cssesc@3.0.0 OK for: postcss-selector-parser@6.1.4 want: ^3.0.0
604 silly placeDep ROOT util-deprecate@1.0.2 OK for: postcss-selector-parser@6.1.4 want: ^1.0.2
605 silly placeDep ROOT pify@2.3.0 OK for: read-cache@1.0.0 want: ^2.3.0
606 silly placeDep ROOT es-errors@1.3.0 OK for: resolve@1.22.12 want: ^1.3.0
607 silly placeDep ROOT is-core-module@2.16.2 OK for: resolve@1.22.12 want: ^2.16.1
608 silly placeDep ROOT path-parse@1.0.7 OK for: resolve@1.22.12 want: ^1.0.7
609 silly placeDep ROOT supports-preserve-symlinks-flag@1.0.0 OK for: resolve@1.22.12 want: ^1.0.0
610 silly fetch manifest hasown@^2.0.3
611 silly packumentCache full:https://registry.npmjs.org/hasown cache-miss
612 http fetch GET 200 https://registry.npmjs.org/hasown 51ms (cache miss)
613 silly packumentCache full:https://registry.npmjs.org/hasown set size:undefined disposed:false
614 silly placeDep ROOT hasown@2.0.4 OK for: is-core-module@2.16.2 want: ^2.0.3
615 silly fetch manifest function-bind@^1.1.2
616 silly packumentCache full:https://registry.npmjs.org/function-bind cache-miss
617 http fetch GET 200 https://registry.npmjs.org/function-bind 47ms (cache miss)
618 silly packumentCache full:https://registry.npmjs.org/function-bind set size:undefined disposed:false
619 silly placeDep ROOT function-bind@1.1.2 OK for: hasown@2.0.4 want: ^1.1.2
620 silly placeDep ROOT queue-microtask@1.2.3 OK for: run-parallel@1.2.0 want: ^1.2.2
621 silly placeDep ROOT @jridgewell/gen-mapping@0.3.13 OK for: sucrase@3.35.1 want: ^0.3.2
622 silly placeDep ROOT commander@4.1.1 OK for: sucrase@3.35.1 want: ^4.0.0
623 silly placeDep ROOT lines-and-columns@1.2.4 OK for: sucrase@3.35.1 want: ^1.1.6
624 silly placeDep ROOT mz@2.7.0 OK for: sucrase@3.35.1 want: ^2.7.0
625 silly placeDep ROOT pirates@4.0.7 OK for: sucrase@3.35.1 want: ^4.0.1
626 silly placeDep ROOT tinyglobby@0.2.17 OK for: sucrase@3.35.1 want: ^0.2.11
627 silly placeDep ROOT ts-interface-checker@0.1.13 OK for: sucrase@3.35.1 want: ^0.1.9
628 silly fetch manifest @jridgewell/trace-mapping@^0.3.24
629 silly packumentCache full:https://registry.npmjs.org/@jridgewell%2ftrace-mapping cache-miss
630 silly fetch manifest @jridgewell/sourcemap-codec@^1.5.0
631 silly packumentCache full:https://registry.npmjs.org/@jridgewell%2fsourcemap-codec cache-miss
632 silly fetch manifest any-promise@^1.0.0
633 silly packumentCache full:https://registry.npmjs.org/any-promise cache-miss
634 silly fetch manifest object-assign@^4.0.1
635 silly packumentCache full:https://registry.npmjs.org/object-assign cache-miss
636 silly fetch manifest thenify-all@^1.0.0
637 silly packumentCache full:https://registry.npmjs.org/thenify-all cache-miss
638 silly fetch manifest fdir@^6.5.0
639 silly packumentCache full:https://registry.npmjs.org/fdir cache-miss
640 silly fetch manifest picomatch@^4.0.4
641 silly packumentCache full:https://registry.npmjs.org/picomatch cache-hit
642 http fetch GET 200 https://registry.npmjs.org/thenify-all 46ms (cache miss)
643 silly packumentCache full:https://registry.npmjs.org/thenify-all set size:undefined disposed:false
644 http fetch GET 200 https://registry.npmjs.org/object-assign 49ms (cache miss)
645 silly packumentCache full:https://registry.npmjs.org/object-assign set size:undefined disposed:false
646 http fetch GET 200 https://registry.npmjs.org/fdir 58ms (cache miss)
647 silly packumentCache full:https://registry.npmjs.org/fdir set size:undefined disposed:false
648 http fetch GET 200 https://registry.npmjs.org/any-promise 67ms (cache miss)
649 silly packumentCache full:https://registry.npmjs.org/any-promise set size:undefined disposed:false
650 http fetch GET 200 https://registry.npmjs.org/@jridgewell%2fsourcemap-codec 68ms (cache miss)
651 silly packumentCache full:https://registry.npmjs.org/@jridgewell%2fsourcemap-codec set size:undefined disposed:false
652 http fetch GET 200 https://registry.npmjs.org/@jridgewell%2ftrace-mapping 69ms (cache miss)
653 silly packumentCache full:https://registry.npmjs.org/@jridgewell%2ftrace-mapping set size:undefined disposed:false
654 silly placeDep ROOT @jridgewell/sourcemap-codec@1.5.5 OK for: @jridgewell/gen-mapping@0.3.13 want: ^1.5.0
655 silly placeDep ROOT @jridgewell/trace-mapping@0.3.31 OK for: @jridgewell/gen-mapping@0.3.13 want: ^0.3.24
656 silly fetch manifest @jridgewell/resolve-uri@^3.1.0
657 silly packumentCache full:https://registry.npmjs.org/@jridgewell%2fresolve-uri cache-miss
658 http fetch GET 200 https://registry.npmjs.org/@jridgewell%2fresolve-uri 99ms (cache miss)
659 silly packumentCache full:https://registry.npmjs.org/@jridgewell%2fresolve-uri set size:undefined disposed:false
660 silly placeDep ROOT @jridgewell/resolve-uri@3.1.2 OK for: @jridgewell/trace-mapping@0.3.31 want: ^3.1.0
661 silly placeDep ROOT any-promise@1.3.0 OK for: mz@2.7.0 want: ^1.0.0
662 silly placeDep ROOT object-assign@4.1.1 OK for: mz@2.7.0 want: ^4.0.1
663 silly placeDep ROOT thenify-all@1.6.0 OK for: mz@2.7.0 want: ^1.0.0
664 silly fetch manifest thenify@>= 3.1.0 < 4
665 silly packumentCache full:https://registry.npmjs.org/thenify cache-miss
666 http fetch GET 200 https://registry.npmjs.org/thenify 56ms (cache miss)
667 silly packumentCache full:https://registry.npmjs.org/thenify set size:undefined disposed:false
668 silly placeDep ROOT thenify@3.3.1 OK for: thenify-all@1.6.0 want: >= 3.1.0 < 4
669 silly placeDep node_modules/tinyglobby fdir@6.5.0 OK for: tinyglobby@0.2.17 want: ^6.5.0
670 silly placeDep node_modules/tinyglobby picomatch@4.0.4 OK for: fdir@6.5.0 want: ^3 || ^4
671 silly placeDep ROOT is-number@7.0.0 OK for: to-regex-range@5.0.1 want: ^7.0.0
672 silly placeDep ROOT escalade@3.2.0 OK for: update-browserslist-db@1.2.3 want: ^3.2.0
673 silly reify moves {}
674 silly audit bulk request {
674 silly audit   '@types/node': [ '20.19.43' ],
674 silly audit   '@types/react': [ '18.3.31' ],
674 silly audit   '@types/react-dom': [ '18.3.7' ],
674 silly audit   autoprefixer: [ '10.5.0' ],
674 silly audit   postcss: [ '8.5.15', '8.4.31' ],
674 silly audit   'lucide-react': [ '0.378.0' ],
674 silly audit   react: [ '18.3.1' ],
674 silly audit   next: [ '14.2.35' ],
674 silly audit   'react-dom': [ '18.3.1' ],
674 silly audit   tailwindcss: [ '3.4.19' ],
674 silly audit   typescript: [ '5.9.3' ],
674 silly audit   'undici-types': [ '6.21.0' ],
674 silly audit   '@types/prop-types': [ '15.7.15' ],
674 silly audit   csstype: [ '3.2.3' ],
674 silly audit   browserslist: [ '4.28.2' ],
674 silly audit   'caniuse-lite': [ '1.0.30001799' ],
674 silly audit   'fraction.js': [ '5.3.4' ],
674 silly audit   picocolors: [ '1.1.1' ],
674 silly audit   'postcss-value-parser': [ '4.2.0' ],
674 silly audit   'baseline-browser-mapping': [ '2.10.38' ],
674 silly audit   'electron-to-chromium': [ '1.5.376' ],
674 silly audit   'node-releases': [ '2.0.48' ],
674 silly audit   'update-browserslist-db': [ '1.2.3' ],
674 silly audit   '@next/env': [ '14.2.35' ],
674 silly audit   '@next/swc-darwin-arm64': [ '14.2.33' ],
674 silly audit   '@next/swc-darwin-x64': [ '14.2.33' ],
674 silly audit   '@next/swc-linux-arm64-gnu': [ '14.2.33' ],
674 silly audit   '@next/swc-linux-arm64-musl': [ '14.2.33' ],
674 silly audit   '@next/swc-linux-x64-gnu': [ '14.2.33' ],
674 silly audit   '@next/swc-linux-x64-musl': [ '14.2.33' ],
674 silly audit   '@next/swc-win32-arm64-msvc': [ '14.2.33' ],
674 silly audit   '@next/swc-win32-ia32-msvc': [ '14.2.33' ],
674 silly audit   '@next/swc-win32-x64-msvc': [ '14.2.33' ],
674 silly audit   '@swc/helpers': [ '0.5.5' ],
674 silly audit   busboy: [ '1.6.0' ],
674 silly audit   'graceful-fs': [ '4.2.11' ],
674 silly audit   'styled-jsx': [ '5.1.1' ],
674 silly audit   '@swc/counter': [ '0.1.3' ],
674 silly audit   tslib: [ '2.8.1' ],
674 silly audit   streamsearch: [ '1.1.0' ],
674 silly audit   nanoid: [ '3.3.13' ],
674 silly audit   'source-map-js': [ '1.2.1' ],
674 silly audit   'loose-envify': [ '1.4.0' ],
674 silly audit   'js-tokens': [ '4.0.0' ],
674 silly audit   scheduler: [ '0.23.2' ],
674 silly audit   'client-only': [ '0.0.1' ],
674 silly audit   '@alloc/quick-lru': [ '5.2.0' ],
674 silly audit   arg: [ '5.0.2' ],
674 silly audit   chokidar: [ '3.6.0' ],
674 silly audit   didyoumean: [ '1.2.2' ],
674 silly audit   dlv: [ '1.1.3' ],
674 silly audit   'fast-glob': [ '3.3.3' ],
674 silly audit   'glob-parent': [ '6.0.2', '5.1.2' ],
674 silly audit   'is-glob': [ '4.0.3' ],
674 silly audit   jiti: [ '1.21.7' ],
674 silly audit   lilconfig: [ '3.1.3' ],
674 silly audit   micromatch: [ '4.0.8' ],
674 silly audit   'normalize-path': [ '3.0.0' ],
674 silly audit   'object-hash': [ '3.0.0' ],
674 silly audit   'postcss-import': [ '15.1.0' ],
674 silly audit   'postcss-js': [ '4.1.0' ],
674 silly audit   'postcss-load-config': [ '6.0.1' ],
674 silly audit   'postcss-nested': [ '6.2.0' ],
674 silly audit   'postcss-selector-parser': [ '6.1.4' ],
674 silly audit   resolve: [ '1.22.12' ],
674 silly audit   sucrase: [ '3.35.1' ],
674 silly audit   anymatch: [ '3.1.3' ],
674 silly audit   braces: [ '3.0.3' ],
674 silly audit   fsevents: [ '2.3.3' ],
674 silly audit   'is-binary-path': [ '2.1.0' ],
674 silly audit   readdirp: [ '3.6.0' ],
674 silly audit   picomatch: [ '2.3.2', '4.0.4' ],
674 silly audit   'fill-range': [ '7.1.1' ],
674 silly audit   '@nodelib/fs.stat': [ '2.0.5' ],
674 silly audit   '@nodelib/fs.walk': [ '1.2.8' ],
674 silly audit   merge2: [ '1.4.1' ],
674 silly audit   '@nodelib/fs.scandir': [ '2.1.5' ],
674 silly audit   fastq: [ '1.20.1' ],
674 silly audit   'run-parallel': [ '1.2.0' ],
674 silly audit   reusify: [ '1.1.0' ],
674 silly audit   'to-regex-range': [ '5.0.1' ],
674 silly audit   'binary-extensions': [ '2.3.0' ],
674 silly audit   'is-extglob': [ '2.1.1' ],
674 silly audit   'read-cache': [ '1.0.0' ],
674 silly audit   'camelcase-css': [ '2.0.1' ],
674 silly audit   cssesc: [ '3.0.0' ],
674 silly audit   'util-deprecate': [ '1.0.2' ],
674 silly audit   pify: [ '2.3.0' ],
674 silly audit   'es-errors': [ '1.3.0' ],
674 silly audit   'is-core-module': [ '2.16.2' ],
674 silly audit   'path-parse': [ '1.0.7' ],
674 silly audit   'supports-preserve-symlinks-flag': [ '1.0.0' ],
674 silly audit   hasown: [ '2.0.4' ],
674 silly audit   'function-bind': [ '1.1.2' ],
674 silly audit   'queue-microtask': [ '1.2.3' ],
674 silly audit   '@jridgewell/gen-mapping': [ '0.3.13' ],
674 silly audit   commander: [ '4.1.1' ],
674 silly audit   'lines-and-columns': [ '1.2.4' ],
674 silly audit   mz: [ '2.7.0' ],
674 silly audit   pirates: [ '4.0.7' ],
674 silly audit   tinyglobby: [ '0.2.17' ],
674 silly audit   'ts-interface-checker': [ '0.1.13' ],
674 silly audit   '@jridgewell/sourcemap-codec': [ '1.5.5' ],
674 silly audit   '@jridgewell/trace-mapping': [ '0.3.31' ],
674 silly audit   '@jridgewell/resolve-uri': [ '3.1.2' ],
674 silly audit   'any-promise': [ '1.3.0' ],
674 silly audit   'object-assign': [ '4.1.1' ],
674 silly audit   'thenify-all': [ '1.6.0' ],
674 silly audit   thenify: [ '3.3.1' ],
674 silly audit   fdir: [ '6.5.0' ],
674 silly audit   'is-number': [ '7.0.0' ],
674 silly audit   escalade: [ '3.2.0' ]
674 silly audit }
675 http cache escalade@https://registry.npmjs.org/escalade/-/escalade-3.2.0.tgz 0ms (cache hit)
676 http cache is-number@https://registry.npmjs.org/is-number/-/is-number-7.0.0.tgz 0ms (cache hit)
677 http cache thenify@https://registry.npmjs.org/thenify/-/thenify-3.3.1.tgz 0ms (cache hit)
678 http cache thenify-all@https://registry.npmjs.org/thenify-all/-/thenify-all-1.6.0.tgz 0ms (cache hit)
679 http cache any-promise@https://registry.npmjs.org/any-promise/-/any-promise-1.3.0.tgz 0ms (cache hit)
680 http cache @jridgewell/trace-mapping@https://registry.npmjs.org/@jridgewell/trace-mapping/-/trace-mapping-0.3.31.tgz 0ms (cache hit)
681 http cache @jridgewell/resolve-uri@https://registry.npmjs.org/@jridgewell/resolve-uri/-/resolve-uri-3.1.2.tgz 0ms (cache hit)
682 http cache @jridgewell/sourcemap-codec@https://registry.npmjs.org/@jridgewell/sourcemap-codec/-/sourcemap-codec-1.5.5.tgz 0ms (cache hit)
683 http cache pirates@https://registry.npmjs.org/pirates/-/pirates-4.0.7.tgz 0ms (cache hit)
684 http cache ts-interface-checker@https://registry.npmjs.org/ts-interface-checker/-/ts-interface-checker-0.1.13.tgz 0ms (cache hit)
685 http cache object-assign@https://registry.npmjs.org/object-assign/-/object-assign-4.1.1.tgz 0ms (cache hit)
686 http cache mz@https://registry.npmjs.org/mz/-/mz-2.7.0.tgz 0ms (cache hit)
687 http cache lines-and-columns@https://registry.npmjs.org/lines-and-columns/-/lines-and-columns-1.2.4.tgz 0ms (cache hit)
688 http cache @jridgewell/gen-mapping@https://registry.npmjs.org/@jridgewell/gen-mapping/-/gen-mapping-0.3.13.tgz 0ms (cache hit)
689 http cache tinyglobby@https://registry.npmjs.org/tinyglobby/-/tinyglobby-0.2.17.tgz 0ms (cache hit)
690 http cache hasown@https://registry.npmjs.org/hasown/-/hasown-2.0.4.tgz 0ms (cache hit)
691 http cache queue-microtask@https://registry.npmjs.org/queue-microtask/-/queue-microtask-1.2.3.tgz 0ms (cache hit)
692 http cache function-bind@https://registry.npmjs.org/function-bind/-/function-bind-1.1.2.tgz 0ms (cache hit)
693 http cache is-core-module@https://registry.npmjs.org/is-core-module/-/is-core-module-2.16.2.tgz 0ms (cache hit)
694 http cache pify@https://registry.npmjs.org/pify/-/pify-2.3.0.tgz 0ms (cache hit)
695 http cache supports-preserve-symlinks-flag@https://registry.npmjs.org/supports-preserve-symlinks-flag/-/supports-preserve-symlinks-flag-1.0.0.tgz 0ms (cache hit)
696 http cache commander@https://registry.npmjs.org/commander/-/commander-4.1.1.tgz 0ms (cache hit)
697 http cache path-parse@https://registry.npmjs.org/path-parse/-/path-parse-1.0.7.tgz 0ms (cache hit)
698 http cache camelcase-css@https://registry.npmjs.org/camelcase-css/-/camelcase-css-2.0.1.tgz 0ms (cache hit)
699 http cache es-errors@https://registry.npmjs.org/es-errors/-/es-errors-1.3.0.tgz 0ms (cache hit)
700 http cache is-extglob@https://registry.npmjs.org/is-extglob/-/is-extglob-2.1.1.tgz 0ms (cache hit)
701 http cache read-cache@https://registry.npmjs.org/read-cache/-/read-cache-1.0.0.tgz 0ms (cache hit)
702 http cache to-regex-range@https://registry.npmjs.org/to-regex-range/-/to-regex-range-5.0.1.tgz 0ms (cache hit)
703 http cache reusify@https://registry.npmjs.org/reusify/-/reusify-1.1.0.tgz 0ms (cache hit)
704 http cache binary-extensions@https://registry.npmjs.org/binary-extensions/-/binary-extensions-2.3.0.tgz 0ms (cache hit)
705 http cache cssesc@https://registry.npmjs.org/cssesc/-/cssesc-3.0.0.tgz 0ms (cache hit)
706 http cache util-deprecate@https://registry.npmjs.org/util-deprecate/-/util-deprecate-1.0.2.tgz 0ms (cache hit)
707 http cache run-parallel@https://registry.npmjs.org/run-parallel/-/run-parallel-1.2.0.tgz 0ms (cache hit)
708 http cache fastq@https://registry.npmjs.org/fastq/-/fastq-1.20.1.tgz 0ms (cache hit)
709 http cache @nodelib/fs.scandir@https://registry.npmjs.org/@nodelib/fs.scandir/-/fs.scandir-2.1.5.tgz 0ms (cache hit)
710 http cache merge2@https://registry.npmjs.org/merge2/-/merge2-1.4.1.tgz 0ms (cache hit)
711 http cache readdirp@https://registry.npmjs.org/readdirp/-/readdirp-3.6.0.tgz 0ms (cache hit)
712 http cache @nodelib/fs.stat@https://registry.npmjs.org/@nodelib/fs.stat/-/fs.stat-2.0.5.tgz 0ms (cache hit)
713 http cache picomatch@https://registry.npmjs.org/picomatch/-/picomatch-2.3.2.tgz 0ms (cache hit)
714 http cache braces@https://registry.npmjs.org/braces/-/braces-3.0.3.tgz 0ms (cache hit)
715 http cache @nodelib/fs.walk@https://registry.npmjs.org/@nodelib/fs.walk/-/fs.walk-1.2.8.tgz 0ms (cache hit)
716 http cache fill-range@https://registry.npmjs.org/fill-range/-/fill-range-7.1.1.tgz 0ms (cache hit)
717 http cache fsevents@https://registry.npmjs.org/fsevents/-/fsevents-2.3.3.tgz 0ms (cache hit)
718 http cache resolve@https://registry.npmjs.org/resolve/-/resolve-1.22.12.tgz 0ms (cache hit)
719 http cache anymatch@https://registry.npmjs.org/anymatch/-/anymatch-3.1.3.tgz 0ms (cache hit)
720 http cache is-binary-path@https://registry.npmjs.org/is-binary-path/-/is-binary-path-2.1.0.tgz 0ms (cache hit)
721 http cache postcss-selector-parser@https://registry.npmjs.org/postcss-selector-parser/-/postcss-selector-parser-6.1.4.tgz 0ms (cache hit)
722 http cache sucrase@https://registry.npmjs.org/sucrase/-/sucrase-3.35.1.tgz 0ms (cache hit)
723 http cache postcss-nested@https://registry.npmjs.org/postcss-nested/-/postcss-nested-6.2.0.tgz 0ms (cache hit)
724 http cache postcss-js@https://registry.npmjs.org/postcss-js/-/postcss-js-4.1.0.tgz 0ms (cache hit)
725 http cache postcss-load-config@https://registry.npmjs.org/postcss-load-config/-/postcss-load-config-6.0.1.tgz 0ms (cache hit)
726 http cache postcss-import@https://registry.npmjs.org/postcss-import/-/postcss-import-15.1.0.tgz 0ms (cache hit)
727 http cache normalize-path@https://registry.npmjs.org/normalize-path/-/normalize-path-3.0.0.tgz 0ms (cache hit)
728 http cache micromatch@https://registry.npmjs.org/micromatch/-/micromatch-4.0.8.tgz 0ms (cache hit)
729 http cache glob-parent@https://registry.npmjs.org/glob-parent/-/glob-parent-6.0.2.tgz 0ms (cache hit)
730 http cache jiti@https://registry.npmjs.org/jiti/-/jiti-1.21.7.tgz 0ms (cache hit)
731 http cache is-glob@https://registry.npmjs.org/is-glob/-/is-glob-4.0.3.tgz 0ms (cache hit)
732 http cache object-hash@https://registry.npmjs.org/object-hash/-/object-hash-3.0.0.tgz 0ms (cache hit)
733 http cache didyoumean@https://registry.npmjs.org/didyoumean/-/didyoumean-1.2.2.tgz 0ms (cache hit)
734 http cache dlv@https://registry.npmjs.org/dlv/-/dlv-1.1.3.tgz 0ms (cache hit)
735 http cache lilconfig@https://registry.npmjs.org/lilconfig/-/lilconfig-3.1.3.tgz 0ms (cache hit)
736 http cache chokidar@https://registry.npmjs.org/chokidar/-/chokidar-3.6.0.tgz 0ms (cache hit)
737 http cache arg@https://registry.npmjs.org/arg/-/arg-5.0.2.tgz 0ms (cache hit)
738 http cache scheduler@https://registry.npmjs.org/scheduler/-/scheduler-0.23.2.tgz 0ms (cache hit)
739 http cache loose-envify@https://registry.npmjs.org/loose-envify/-/loose-envify-1.4.0.tgz 0ms (cache hit)
740 http cache client-only@https://registry.npmjs.org/client-only/-/client-only-0.0.1.tgz 0ms (cache hit)
741 http cache @alloc/quick-lru@https://registry.npmjs.org/@alloc/quick-lru/-/quick-lru-5.2.0.tgz 0ms (cache hit)
742 http cache nanoid@https://registry.npmjs.org/nanoid/-/nanoid-3.3.13.tgz 0ms (cache hit)
743 http cache streamsearch@https://registry.npmjs.org/streamsearch/-/streamsearch-1.1.0.tgz 0ms (cache hit)
744 http cache fast-glob@https://registry.npmjs.org/fast-glob/-/fast-glob-3.3.3.tgz 0ms (cache hit)
745 http cache @swc/counter@https://registry.npmjs.org/@swc/counter/-/counter-0.1.3.tgz 0ms (cache hit)
746 http cache source-map-js@https://registry.npmjs.org/source-map-js/-/source-map-js-1.2.1.tgz 0ms (cache hit)
747 http cache graceful-fs@https://registry.npmjs.org/graceful-fs/-/graceful-fs-4.2.11.tgz 0ms (cache hit)
748 http cache js-tokens@https://registry.npmjs.org/js-tokens/-/js-tokens-4.0.0.tgz 0ms (cache hit)
749 http cache @next/swc-darwin-arm64@https://registry.npmjs.org/@next/swc-darwin-arm64/-/swc-darwin-arm64-14.2.33.tgz 0ms (cache hit)
750 http cache @swc/helpers@https://registry.npmjs.org/@swc/helpers/-/helpers-0.5.5.tgz 0ms (cache hit)
751 http cache styled-jsx@https://registry.npmjs.org/styled-jsx/-/styled-jsx-5.1.1.tgz 0ms (cache hit)
752 http cache update-browserslist-db@https://registry.npmjs.org/update-browserslist-db/-/update-browserslist-db-1.2.3.tgz 0ms (cache hit)
753 http cache busboy@https://registry.npmjs.org/busboy/-/busboy-1.6.0.tgz 0ms (cache hit)
754 http cache node-releases@https://registry.npmjs.org/node-releases/-/node-releases-2.0.48.tgz 0ms (cache hit)
755 http cache tslib@https://registry.npmjs.org/tslib/-/tslib-2.8.1.tgz 0ms (cache hit)
756 http cache postcss-value-parser@https://registry.npmjs.org/postcss-value-parser/-/postcss-value-parser-4.2.0.tgz 0ms (cache hit)
757 http cache baseline-browser-mapping@https://registry.npmjs.org/baseline-browser-mapping/-/baseline-browser-mapping-2.10.38.tgz 0ms (cache hit)
758 http cache electron-to-chromium@https://registry.npmjs.org/electron-to-chromium/-/electron-to-chromium-1.5.376.tgz 0ms (cache hit)
759 http cache browserslist@https://registry.npmjs.org/browserslist/-/browserslist-4.28.2.tgz 0ms (cache hit)
760 http cache @next/env@https://registry.npmjs.org/@next/env/-/env-14.2.35.tgz 0ms (cache hit)
761 http cache fraction.js@https://registry.npmjs.org/fraction.js/-/fraction.js-5.3.4.tgz 0ms (cache hit)
762 http cache caniuse-lite@https://registry.npmjs.org/caniuse-lite/-/caniuse-lite-1.0.30001799.tgz 0ms (cache hit)
763 http cache @types/prop-types@https://registry.npmjs.org/@types/prop-types/-/prop-types-15.7.15.tgz 0ms (cache hit)
764 http cache csstype@https://registry.npmjs.org/csstype/-/csstype-3.2.3.tgz 0ms (cache hit)
765 http cache undici-types@https://registry.npmjs.org/undici-types/-/undici-types-6.21.0.tgz 0ms (cache hit)
766 http cache tailwindcss@https://registry.npmjs.org/tailwindcss/-/tailwindcss-3.4.19.tgz 0ms (cache hit)
767 http cache typescript@https://registry.npmjs.org/typescript/-/typescript-5.9.3.tgz 0ms (cache hit)
768 http cache picocolors@https://registry.npmjs.org/picocolors/-/picocolors-1.1.1.tgz 0ms (cache hit)
769 http cache react-dom@https://registry.npmjs.org/react-dom/-/react-dom-18.3.1.tgz 0ms (cache hit)
770 http cache postcss@https://registry.npmjs.org/postcss/-/postcss-8.5.15.tgz 0ms (cache hit)
771 http cache react@https://registry.npmjs.org/react/-/react-18.3.1.tgz 0ms (cache hit)
772 http cache @types/react-dom@https://registry.npmjs.org/@types/react-dom/-/react-dom-18.3.7.tgz 0ms (cache hit)
773 http cache autoprefixer@https://registry.npmjs.org/autoprefixer/-/autoprefixer-10.5.0.tgz 0ms (cache hit)
774 http cache picomatch@https://registry.npmjs.org/picomatch/-/picomatch-4.0.4.tgz 0ms (cache hit)
775 http cache fdir@https://registry.npmjs.org/fdir/-/fdir-6.5.0.tgz 0ms (cache hit)
776 http cache next@https://registry.npmjs.org/next/-/next-14.2.35.tgz 0ms (cache hit)
777 http cache lucide-react@https://registry.npmjs.org/lucide-react/-/lucide-react-0.378.0.tgz 0ms (cache hit)
778 http cache @types/node@https://registry.npmjs.org/@types/node/-/node-20.19.43.tgz 0ms (cache hit)
779 http cache @types/react@https://registry.npmjs.org/@types/react/-/react-18.3.31.tgz 0ms (cache hit)
780 silly tarball no local data for escalade@https://registry.npmjs.org/escalade/-/escalade-3.2.0.tgz. Extracting by manifest.
781 silly tarball no local data for is-number@https://registry.npmjs.org/is-number/-/is-number-7.0.0.tgz. Extracting by manifest.
782 silly tarball no local data for thenify@https://registry.npmjs.org/thenify/-/thenify-3.3.1.tgz. Extracting by manifest.
783 silly tarball no local data for thenify-all@https://registry.npmjs.org/thenify-all/-/thenify-all-1.6.0.tgz. Extracting by manifest.
784 silly tarball no local data for any-promise@https://registry.npmjs.org/any-promise/-/any-promise-1.3.0.tgz. Extracting by manifest.
785 silly tarball no local data for @jridgewell/trace-mapping@https://registry.npmjs.org/@jridgewell/trace-mapping/-/trace-mapping-0.3.31.tgz. Extracting by manifest.
786 silly tarball no local data for @jridgewell/resolve-uri@https://registry.npmjs.org/@jridgewell/resolve-uri/-/resolve-uri-3.1.2.tgz. Extracting by manifest.
787 silly tarball no local data for @jridgewell/sourcemap-codec@https://registry.npmjs.org/@jridgewell/sourcemap-codec/-/sourcemap-codec-1.5.5.tgz. Extracting by manifest.
788 silly tarball no local data for pirates@https://registry.npmjs.org/pirates/-/pirates-4.0.7.tgz. Extracting by manifest.
789 silly tarball no local data for ts-interface-checker@https://registry.npmjs.org/ts-interface-checker/-/ts-interface-checker-0.1.13.tgz. Extracting by manifest.
790 silly tarball no local data for object-assign@https://registry.npmjs.org/object-assign/-/object-assign-4.1.1.tgz. Extracting by manifest.
791 silly tarball no local data for mz@https://registry.npmjs.org/mz/-/mz-2.7.0.tgz. Extracting by manifest.
792 silly tarball no local data for lines-and-columns@https://registry.npmjs.org/lines-and-columns/-/lines-and-columns-1.2.4.tgz. Extracting by manifest.
793 silly tarball no local data for @jridgewell/gen-mapping@https://registry.npmjs.org/@jridgewell/gen-mapping/-/gen-mapping-0.3.13.tgz. Extracting by manifest.
794 silly tarball no local data for tinyglobby@https://registry.npmjs.org/tinyglobby/-/tinyglobby-0.2.17.tgz. Extracting by manifest.
795 silly tarball no local data for hasown@https://registry.npmjs.org/hasown/-/hasown-2.0.4.tgz. Extracting by manifest.
796 silly tarball no local data for queue-microtask@https://registry.npmjs.org/queue-microtask/-/queue-microtask-1.2.3.tgz. Extracting by manifest.
797 silly tarball no local data for function-bind@https://registry.npmjs.org/function-bind/-/function-bind-1.1.2.tgz. Extracting by manifest.
798 silly tarball no local data for is-core-module@https://registry.npmjs.org/is-core-module/-/is-core-module-2.16.2.tgz. Extracting by manifest.
799 silly tarball no local data for pify@https://registry.npmjs.org/pify/-/pify-2.3.0.tgz. Extracting by manifest.
800 silly tarball no local data for supports-preserve-symlinks-flag@https://registry.npmjs.org/supports-preserve-symlinks-flag/-/supports-preserve-symlinks-flag-1.0.0.tgz. Extracting by manifest.
801 silly tarball no local data for commander@https://registry.npmjs.org/commander/-/commander-4.1.1.tgz. Extracting by manifest.
802 http cache glob-parent@https://registry.npmjs.org/glob-parent/-/glob-parent-5.1.2.tgz 0ms (cache hit)
803 silly tarball no local data for path-parse@https://registry.npmjs.org/path-parse/-/path-parse-1.0.7.tgz. Extracting by manifest.
804 http cache glob-parent@https://registry.npmjs.org/glob-parent/-/glob-parent-5.1.2.tgz 0ms (cache hit)
805 silly tarball no local data for camelcase-css@https://registry.npmjs.org/camelcase-css/-/camelcase-css-2.0.1.tgz. Extracting by manifest.
806 silly tarball no local data for es-errors@https://registry.npmjs.org/es-errors/-/es-errors-1.3.0.tgz. Extracting by manifest.
807 silly tarball no local data for is-extglob@https://registry.npmjs.org/is-extglob/-/is-extglob-2.1.1.tgz. Extracting by manifest.
808 silly tarball no local data for read-cache@https://registry.npmjs.org/read-cache/-/read-cache-1.0.0.tgz. Extracting by manifest.
809 silly tarball no local data for to-regex-range@https://registry.npmjs.org/to-regex-range/-/to-regex-range-5.0.1.tgz. Extracting by manifest.
810 silly tarball no local data for reusify@https://registry.npmjs.org/reusify/-/reusify-1.1.0.tgz. Extracting by manifest.
811 silly tarball no local data for binary-extensions@https://registry.npmjs.org/binary-extensions/-/binary-extensions-2.3.0.tgz. Extracting by manifest.
812 silly tarball no local data for cssesc@https://registry.npmjs.org/cssesc/-/cssesc-3.0.0.tgz. Extracting by manifest.
813 silly tarball no local data for util-deprecate@https://registry.npmjs.org/util-deprecate/-/util-deprecate-1.0.2.tgz. Extracting by manifest.
814 silly tarball no local data for run-parallel@https://registry.npmjs.org/run-parallel/-/run-parallel-1.2.0.tgz. Extracting by manifest.
815 silly tarball no local data for fastq@https://registry.npmjs.org/fastq/-/fastq-1.20.1.tgz. Extracting by manifest.
816 silly tarball no local data for @nodelib/fs.scandir@https://registry.npmjs.org/@nodelib/fs.scandir/-/fs.scandir-2.1.5.tgz. Extracting by manifest.
817 http cache postcss@https://registry.npmjs.org/postcss/-/postcss-8.4.31.tgz 0ms (cache hit)
818 silly tarball no local data for merge2@https://registry.npmjs.org/merge2/-/merge2-1.4.1.tgz. Extracting by manifest.
819 silly tarball no local data for readdirp@https://registry.npmjs.org/readdirp/-/readdirp-3.6.0.tgz. Extracting by manifest.
820 silly tarball no local data for @nodelib/fs.stat@https://registry.npmjs.org/@nodelib/fs.stat/-/fs.stat-2.0.5.tgz. Extracting by manifest.
821 silly tarball no local data for picomatch@https://registry.npmjs.org/picomatch/-/picomatch-2.3.2.tgz. Extracting by manifest.
822 silly tarball no local data for braces@https://registry.npmjs.org/braces/-/braces-3.0.3.tgz. Extracting by manifest.
823 silly tarball no local data for @nodelib/fs.walk@https://registry.npmjs.org/@nodelib/fs.walk/-/fs.walk-1.2.8.tgz. Extracting by manifest.
824 silly tarball no local data for fill-range@https://registry.npmjs.org/fill-range/-/fill-range-7.1.1.tgz. Extracting by manifest.
825 silly tarball no local data for fsevents@https://registry.npmjs.org/fsevents/-/fsevents-2.3.3.tgz. Extracting by manifest.
826 silly tarball no local data for resolve@https://registry.npmjs.org/resolve/-/resolve-1.22.12.tgz. Extracting by manifest.
827 silly tarball no local data for anymatch@https://registry.npmjs.org/anymatch/-/anymatch-3.1.3.tgz. Extracting by manifest.
828 silly tarball no local data for is-binary-path@https://registry.npmjs.org/is-binary-path/-/is-binary-path-2.1.0.tgz. Extracting by manifest.
829 silly tarball no local data for postcss-selector-parser@https://registry.npmjs.org/postcss-selector-parser/-/postcss-selector-parser-6.1.4.tgz. Extracting by manifest.
830 silly tarball no local data for sucrase@https://registry.npmjs.org/sucrase/-/sucrase-3.35.1.tgz. Extracting by manifest.
831 silly tarball no local data for postcss-nested@https://registry.npmjs.org/postcss-nested/-/postcss-nested-6.2.0.tgz. Extracting by manifest.
832 silly tarball no local data for postcss-js@https://registry.npmjs.org/postcss-js/-/postcss-js-4.1.0.tgz. Extracting by manifest.
833 silly tarball no local data for postcss-load-config@https://registry.npmjs.org/postcss-load-config/-/postcss-load-config-6.0.1.tgz. Extracting by manifest.
834 silly tarball no local data for postcss-import@https://registry.npmjs.org/postcss-import/-/postcss-import-15.1.0.tgz. Extracting by manifest.
835 silly tarball no local data for normalize-path@https://registry.npmjs.org/normalize-path/-/normalize-path-3.0.0.tgz. Extracting by manifest.
836 silly tarball no local data for micromatch@https://registry.npmjs.org/micromatch/-/micromatch-4.0.8.tgz. Extracting by manifest.
837 silly tarball no local data for glob-parent@https://registry.npmjs.org/glob-parent/-/glob-parent-6.0.2.tgz. Extracting by manifest.
838 silly tarball no local data for jiti@https://registry.npmjs.org/jiti/-/jiti-1.21.7.tgz. Extracting by manifest.
839 silly tarball no local data for is-glob@https://registry.npmjs.org/is-glob/-/is-glob-4.0.3.tgz. Extracting by manifest.
840 silly tarball no local data for object-hash@https://registry.npmjs.org/object-hash/-/object-hash-3.0.0.tgz. Extracting by manifest.
841 silly tarball no local data for didyoumean@https://registry.npmjs.org/didyoumean/-/didyoumean-1.2.2.tgz. Extracting by manifest.
842 silly tarball no local data for dlv@https://registry.npmjs.org/dlv/-/dlv-1.1.3.tgz. Extracting by manifest.
843 silly tarball no local data for lilconfig@https://registry.npmjs.org/lilconfig/-/lilconfig-3.1.3.tgz. Extracting by manifest.
844 silly tarball no local data for chokidar@https://registry.npmjs.org/chokidar/-/chokidar-3.6.0.tgz. Extracting by manifest.
845 silly tarball no local data for arg@https://registry.npmjs.org/arg/-/arg-5.0.2.tgz. Extracting by manifest.
846 silly tarball no local data for scheduler@https://registry.npmjs.org/scheduler/-/scheduler-0.23.2.tgz. Extracting by manifest.
847 silly tarball no local data for loose-envify@https://registry.npmjs.org/loose-envify/-/loose-envify-1.4.0.tgz. Extracting by manifest.
848 silly tarball no local data for client-only@https://registry.npmjs.org/client-only/-/client-only-0.0.1.tgz. Extracting by manifest.
849 silly tarball no local data for @alloc/quick-lru@https://registry.npmjs.org/@alloc/quick-lru/-/quick-lru-5.2.0.tgz. Extracting by manifest.
850 silly tarball no local data for nanoid@https://registry.npmjs.org/nanoid/-/nanoid-3.3.13.tgz. Extracting by manifest.
851 silly tarball no local data for streamsearch@https://registry.npmjs.org/streamsearch/-/streamsearch-1.1.0.tgz. Extracting by manifest.
852 silly tarball no local data for fast-glob@https://registry.npmjs.org/fast-glob/-/fast-glob-3.3.3.tgz. Extracting by manifest.
853 silly tarball no local data for @swc/counter@https://registry.npmjs.org/@swc/counter/-/counter-0.1.3.tgz. Extracting by manifest.
854 silly tarball no local data for source-map-js@https://registry.npmjs.org/source-map-js/-/source-map-js-1.2.1.tgz. Extracting by manifest.
855 silly tarball no local data for graceful-fs@https://registry.npmjs.org/graceful-fs/-/graceful-fs-4.2.11.tgz. Extracting by manifest.
856 silly tarball no local data for js-tokens@https://registry.npmjs.org/js-tokens/-/js-tokens-4.0.0.tgz. Extracting by manifest.
857 silly tarball no local data for @next/swc-darwin-arm64@https://registry.npmjs.org/@next/swc-darwin-arm64/-/swc-darwin-arm64-14.2.33.tgz. Extracting by manifest.
858 silly tarball no local data for @swc/helpers@https://registry.npmjs.org/@swc/helpers/-/helpers-0.5.5.tgz. Extracting by manifest.
859 silly tarball no local data for styled-jsx@https://registry.npmjs.org/styled-jsx/-/styled-jsx-5.1.1.tgz. Extracting by manifest.
860 silly tarball no local data for update-browserslist-db@https://registry.npmjs.org/update-browserslist-db/-/update-browserslist-db-1.2.3.tgz. Extracting by manifest.
861 silly tarball no local data for busboy@https://registry.npmjs.org/busboy/-/busboy-1.6.0.tgz. Extracting by manifest.
862 silly tarball no local data for node-releases@https://registry.npmjs.org/node-releases/-/node-releases-2.0.48.tgz. Extracting by manifest.
863 silly tarball no local data for tslib@https://registry.npmjs.org/tslib/-/tslib-2.8.1.tgz. Extracting by manifest.
864 silly tarball no local data for postcss-value-parser@https://registry.npmjs.org/postcss-value-parser/-/postcss-value-parser-4.2.0.tgz. Extracting by manifest.
865 silly tarball no local data for baseline-browser-mapping@https://registry.npmjs.org/baseline-browser-mapping/-/baseline-browser-mapping-2.10.38.tgz. Extracting by manifest.
866 silly tarball no local data for electron-to-chromium@https://registry.npmjs.org/electron-to-chromium/-/electron-to-chromium-1.5.376.tgz. Extracting by manifest.
867 silly tarball no local data for browserslist@https://registry.npmjs.org/browserslist/-/browserslist-4.28.2.tgz. Extracting by manifest.
868 silly tarball no local data for @next/env@https://registry.npmjs.org/@next/env/-/env-14.2.35.tgz. Extracting by manifest.
869 silly tarball no local data for fraction.js@https://registry.npmjs.org/fraction.js/-/fraction.js-5.3.4.tgz. Extracting by manifest.
870 silly tarball no local data for caniuse-lite@https://registry.npmjs.org/caniuse-lite/-/caniuse-lite-1.0.30001799.tgz. Extracting by manifest.
871 silly tarball no local data for @types/prop-types@https://registry.npmjs.org/@types/prop-types/-/prop-types-15.7.15.tgz. Extracting by manifest.
872 silly tarball no local data for csstype@https://registry.npmjs.org/csstype/-/csstype-3.2.3.tgz. Extracting by manifest.
873 silly tarball no local data for undici-types@https://registry.npmjs.org/undici-types/-/undici-types-6.21.0.tgz. Extracting by manifest.
874 silly tarball no local data for tailwindcss@https://registry.npmjs.org/tailwindcss/-/tailwindcss-3.4.19.tgz. Extracting by manifest.
875 silly tarball no local data for typescript@https://registry.npmjs.org/typescript/-/typescript-5.9.3.tgz. Extracting by manifest.
876 silly tarball no local data for picocolors@https://registry.npmjs.org/picocolors/-/picocolors-1.1.1.tgz. Extracting by manifest.
877 silly tarball no local data for react-dom@https://registry.npmjs.org/react-dom/-/react-dom-18.3.1.tgz. Extracting by manifest.
878 silly tarball no local data for postcss@https://registry.npmjs.org/postcss/-/postcss-8.5.15.tgz. Extracting by manifest.
879 silly tarball no local data for react@https://registry.npmjs.org/react/-/react-18.3.1.tgz. Extracting by manifest.
880 silly tarball no local data for @types/react-dom@https://registry.npmjs.org/@types/react-dom/-/react-dom-18.3.7.tgz. Extracting by manifest.
881 silly tarball no local data for autoprefixer@https://registry.npmjs.org/autoprefixer/-/autoprefixer-10.5.0.tgz. Extracting by manifest.
882 silly tarball no local data for picomatch@https://registry.npmjs.org/picomatch/-/picomatch-4.0.4.tgz. Extracting by manifest.
883 silly tarball no local data for fdir@https://registry.npmjs.org/fdir/-/fdir-6.5.0.tgz. Extracting by manifest.
884 silly tarball no local data for next@https://registry.npmjs.org/next/-/next-14.2.35.tgz. Extracting by manifest.
885 silly tarball no local data for lucide-react@https://registry.npmjs.org/lucide-react/-/lucide-react-0.378.0.tgz. Extracting by manifest.
886 silly tarball no local data for @types/node@https://registry.npmjs.org/@types/node/-/node-20.19.43.tgz. Extracting by manifest.
887 silly tarball no local data for @types/react@https://registry.npmjs.org/@types/react/-/react-18.3.31.tgz. Extracting by manifest.
888 silly tarball no local data for glob-parent@https://registry.npmjs.org/glob-parent/-/glob-parent-5.1.2.tgz. Extracting by manifest.
889 silly tarball no local data for glob-parent@https://registry.npmjs.org/glob-parent/-/glob-parent-5.1.2.tgz. Extracting by manifest.
890 silly tarball no local data for postcss@https://registry.npmjs.org/postcss/-/postcss-8.4.31.tgz. Extracting by manifest.
891 http fetch GET 200 https://registry.npmjs.org/pirates/-/pirates-4.0.7.tgz 301ms (cache miss)
892 http fetch GET 200 https://registry.npmjs.org/thenify/-/thenify-3.3.1.tgz 302ms (cache miss)
893 http fetch GET 200 https://registry.npmjs.org/escalade/-/escalade-3.2.0.tgz 302ms (cache miss)
894 http fetch GET 200 https://registry.npmjs.org/any-promise/-/any-promise-1.3.0.tgz 302ms (cache miss)
895 http fetch GET 200 https://registry.npmjs.org/thenify-all/-/thenify-all-1.6.0.tgz 302ms (cache miss)
896 http fetch GET 200 https://registry.npmjs.org/is-number/-/is-number-7.0.0.tgz 303ms (cache miss)
897 http fetch GET 200 https://registry.npmjs.org/@jridgewell/resolve-uri/-/resolve-uri-3.1.2.tgz 303ms (cache miss)
898 http fetch GET 200 https://registry.npmjs.org/ts-interface-checker/-/ts-interface-checker-0.1.13.tgz 303ms (cache miss)
899 http fetch GET 200 https://registry.npmjs.org/@jridgewell/sourcemap-codec/-/sourcemap-codec-1.5.5.tgz 307ms (cache miss)
900 http fetch GET 200 https://registry.npmjs.org/@jridgewell/trace-mapping/-/trace-mapping-0.3.31.tgz 318ms (cache miss)
901 http fetch GET 200 https://registry.npmjs.org/hasown/-/hasown-2.0.4.tgz 335ms (cache miss)
902 http fetch GET 200 https://registry.npmjs.org/tinyglobby/-/tinyglobby-0.2.17.tgz 340ms (cache miss)
903 http fetch GET 200 https://registry.npmjs.org/is-core-module/-/is-core-module-2.16.2.tgz 339ms (cache miss)
904 http fetch GET 200 https://registry.npmjs.org/function-bind/-/function-bind-1.1.2.tgz 345ms (cache miss)
905 http fetch GET 200 https://registry.npmjs.org/path-parse/-/path-parse-1.0.7.tgz 345ms (cache miss)
906 http fetch GET 200 https://registry.npmjs.org/queue-microtask/-/queue-microtask-1.2.3.tgz 346ms (cache miss)
907 http fetch GET 200 https://registry.npmjs.org/supports-preserve-symlinks-flag/-/supports-preserve-symlinks-flag-1.0.0.tgz 346ms (cache miss)
908 http fetch GET 200 https://registry.npmjs.org/pify/-/pify-2.3.0.tgz 346ms (cache miss)
909 http fetch GET 200 https://registry.npmjs.org/commander/-/commander-4.1.1.tgz 346ms (cache miss)
910 http fetch GET 200 https://registry.npmjs.org/camelcase-css/-/camelcase-css-2.0.1.tgz 353ms (cache miss)
911 http fetch GET 200 https://registry.npmjs.org/to-regex-range/-/to-regex-range-5.0.1.tgz 413ms (cache miss)
912 http fetch GET 200 https://registry.npmjs.org/es-errors/-/es-errors-1.3.0.tgz 413ms (cache miss)
913 http fetch GET 200 https://registry.npmjs.org/reusify/-/reusify-1.1.0.tgz 412ms (cache miss)
914 http fetch GET 200 https://registry.npmjs.org/read-cache/-/read-cache-1.0.0.tgz 413ms (cache miss)
915 http fetch GET 200 https://registry.npmjs.org/cssesc/-/cssesc-3.0.0.tgz 412ms (cache miss)
916 http fetch GET 200 https://registry.npmjs.org/run-parallel/-/run-parallel-1.2.0.tgz 412ms (cache miss)
917 http fetch GET 200 https://registry.npmjs.org/binary-extensions/-/binary-extensions-2.3.0.tgz 412ms (cache miss)
918 http fetch GET 200 https://registry.npmjs.org/is-extglob/-/is-extglob-2.1.1.tgz 413ms (cache miss)
919 http fetch GET 200 https://registry.npmjs.org/util-deprecate/-/util-deprecate-1.0.2.tgz 413ms (cache miss)
920 http fetch GET 200 https://registry.npmjs.org/fastq/-/fastq-1.20.1.tgz 421ms (cache miss)
921 http fetch GET 200 https://registry.npmjs.org/lines-and-columns/-/lines-and-columns-1.2.4.tgz 433ms (cache miss)
922 http fetch GET 200 https://registry.npmjs.org/object-assign/-/object-assign-4.1.1.tgz 433ms (cache miss)
923 http fetch POST 200 https://registry.npmjs.org/-/npm/v1/security/advisories/bulk 470ms
924 silly audit report {
924 silly audit report   postcss: [
924 silly audit report     {
924 silly audit report       id: 1117015,
924 silly audit report       url: 'https://github.com/advisories/GHSA-qx2v-qp2m-jg93',
924 silly audit report       title: 'PostCSS has XSS via Unescaped </style> in its CSS Stringify Output',
924 silly audit report       severity: 'moderate',
924 silly audit report       vulnerable_versions: '<8.5.10',
924 silly audit report       cwe: [Array],
924 silly audit report       cvss: [Object]
924 silly audit report     }
924 silly audit report   ],
924 silly audit report   next: [
924 silly audit report     {
924 silly audit report       id: 1117931,
924 silly audit report       url: 'https://github.com/advisories/GHSA-8h8q-6873-q5fj',
924 silly audit report       title: 'Next.js Vulnerable to Denial of Service with Server Components',
924 silly audit report       severity: 'high',
924 silly audit report       vulnerable_versions: '>=13.0.0 <15.5.16',
924 silly audit report       cwe: [Array],
924 silly audit report       cvss: [Object]
924 silly audit report     },
924 silly audit report     {
924 silly audit report       id: 1118942,
924 silly audit report       url: 'https://github.com/advisories/GHSA-3g8h-86w9-wvmq',
924 silly audit report       title: "Next.js's Middleware / Proxy redirects can be cache-poisoned",
924 silly audit report       severity: 'low',
924 silly audit report       vulnerable_versions: '>=12.2.0 <15.5.16',
924 silly audit report       cwe: [Array],
924 silly audit report       cvss: [Object]
924 silly audit report     },
924 silly audit report     {
924 silly audit report       id: 1118944,
924 silly audit report       url: 'https://github.com/advisories/GHSA-ffhc-5mcf-pf4q',
924 silly audit report       title: 'Next.js vulnerable to cross-site scripting in App Router applications using CSP nonces',
924 silly audit report       severity: 'moderate',
924 silly audit report       vulnerable_versions: '>=13.4.0 <15.5.16',
924 silly audit report       cwe: [Array],
924 silly audit report       cvss: [Object]
924 silly audit report     },
924 silly audit report     {
924 silly audit report       id: 1118946,
924 silly audit report       url: 'https://github.com/advisories/GHSA-vfv6-92ff-j949',
924 silly audit report       title: 'Next.js vulnerable to cache poisoning via collisions in React Server Component cache-busting',
924 silly audit report       severity: 'low',
924 silly audit report       vulnerable_versions: '>=13.4.6 <15.5.16',
924 silly audit report       cwe: [Array],
924 silly audit report       cvss: [Object]
924 silly audit report     },
924 silly audit report     {
924 silly audit report       id: 1118948,
924 silly audit report       url: 'https://github.com/advisories/GHSA-gx5p-jg67-6x7h',
924 silly audit report       title: 'Next.js has cross-site scripting in beforeInteractive scripts with untrusted input',
924 silly audit report       severity: 'moderate',
924 silly audit report       vulnerable_versions: '>=13.0.0 <15.5.16',
924 silly audit report       cwe: [Array],
924 silly audit report       cvss: [Object]
924 silly audit report     },
924 silly audit report     {
924 silly audit report       id: 1118952,
924 silly audit report       url: 'https://github.com/advisories/GHSA-h64f-5h5j-jqjh',
924 silly audit report       title: 'Next.js has a Denial of Service in the Image Optimization API',
924 silly audit report       severity: 'moderate',
924 silly audit report       vulnerable_versions: '>=10.0.0 <15.5.16',
924 silly audit report       cwe: [Array],
924 silly audit report       cvss: [Object]
924 silly audit report     },
924 silly audit report     {
924 silly audit report       id: 1118954,
924 silly audit report       url: 'https://github.com/advisories/GHSA-c4j6-fc7j-m34r',
924 silly audit report       title: 'Next.js vulnerable to server-side request forgery in applications using WebSocket upgrades',
924 silly audit report       severity: 'high',
924 silly audit report       vulnerable_versions: '>=13.4.13 <15.5.16',
924 silly audit report       cwe: [Array],
924 silly audit report       cvss: [Object]
924 silly audit report     },
924 silly audit report     {
924 silly audit report       id: 1118958,
924 silly audit report       url: 'https://github.com/advisories/GHSA-wfc6-r584-vfw7',
924 silly audit report       title: 'Next.js vulnerable to cache poisoning in React Server Component responses',
924 silly audit report       severity: 'moderate',
924 silly audit report       vulnerable_versions: '>=14.2.0 <15.5.16',
924 silly audit report       cwe: [Array],
924 silly audit report       cvss: [Object]
924 silly audit report     },
924 silly audit report     {
924 silly audit report       id: 1118962,
924 silly audit report       url: 'https://github.com/advisories/GHSA-36qx-fr4f-26g5',
924 silly audit report       title: 'Next.js has a Middleware / Proxy bypass in Pages Router applications using i18n',
924 silly audit report       severity: 'high',
924 silly audit report       vulnerable_versions: '>=12.2.0 <15.5.16',
924 silly audit report       cwe: [Array],
924 silly audit report       cvss: [Object]
924 silly audit report     },
924 silly audit report     {
924 silly audit report       id: 1112593,
924 silly audit report       url: 'https://github.com/advisories/GHSA-9g9p-9gw9-jx7f',
924 silly audit report       title: 'Next.js self-hosted applications vulnerable to DoS via Image Optimizer remotePatterns configuration',
924 silly audit report       severity: 'moderate',
924 silly audit report       vulnerable_versions: '>=10.0.0 <15.5.10',
924 silly audit report       cwe: [Array],
924 silly audit report       cvss: [Object]
924 silly audit report     },
924 silly audit report     {
924 silly audit report       id: 1112653,
924 silly audit report       url: 'https://github.com/advisories/GHSA-h25m-26qc-wcjf',
924 silly audit report       title: 'Next.js HTTP request deserialization can lead to DoS when using insecure React Server Components',
924 silly audit report       severity: 'high',
924 silly audit report       vulnerable_versions: '>=13.0.0 <15.0.8',
924 silly audit report       cwe: [Array],
924 silly audit report       cvss: [Object]
924 silly audit report     },
924 silly audit report     {
924 silly audit report       id: 1114897,
924 silly audit report       url: 'https://github.com/advisories/GHSA-ggv3-7p47-pfv8',
924 silly audit report       title: 'Next.js: HTTP request smuggling in rewrites',
924 silly audit report       severity: 'moderate',
924 silly audit report       vulnerable_versions: '>=9.5.0 <15.5.13',
924 silly audit report       cwe: [Array],
924 silly audit report       cvss: [Object]
924 silly audit report     },
924 silly audit report     {
924 silly audit report       id: 1114940,
924 silly audit report       url: 'https://github.com/advisories/GHSA-3x4c-7xq6-9pq8',
924 silly audit report       title: 'Next.js: Unbounded next/image disk cache growth can exhaust storage',
924 silly audit report       severity: 'moderate',
924 silly audit report       vulnerable_versions: '>=10.0.0 <15.5.14',
924 silly audit report       cwe: [Array],
924 silly audit report       cvss: [Object]
924 silly audit report     },
924 silly audit report     {
924 silly audit report       id: 1116376,
924 silly audit report       url: 'https://github.com/advisories/GHSA-q4gf-8mx6-v5v3',
924 silly audit report       title: 'Next.js has a Denial of Service with Server Components',
924 silly audit report       severity: 'high',
924 silly audit report       vulnerable_versions: '>=13.0.0 <15.5.15',
924 silly audit report       cwe: [Array],
924 silly audit report       cvss: [Object]
924 silly audit report     }
924 silly audit report   ]
924 silly audit report }
925 silly packumentCache full:https://registry.npmjs.org/postcss cache-hit
926 silly packumentCache full:https://registry.npmjs.org/next cache-miss
927 http cache https://registry.npmjs.org/next 29ms (cache hit)
928 silly packumentCache full:https://registry.npmjs.org/next set size:30873757 disposed:false
929 http fetch GET 200 https://registry.npmjs.org/braces/-/braces-3.0.3.tgz 1334ms (cache miss)
930 http fetch GET 200 https://registry.npmjs.org/fill-range/-/fill-range-7.1.1.tgz 1334ms (cache miss)
931 http fetch GET 200 https://registry.npmjs.org/merge2/-/merge2-1.4.1.tgz 1335ms (cache miss)
932 http fetch GET 200 https://registry.npmjs.org/readdirp/-/readdirp-3.6.0.tgz 1336ms (cache miss)
933 http fetch GET 200 https://registry.npmjs.org/is-binary-path/-/is-binary-path-2.1.0.tgz 1335ms (cache miss)
934 http fetch GET 200 https://registry.npmjs.org/@nodelib/fs.stat/-/fs.stat-2.0.5.tgz 1337ms (cache miss)
935 http fetch GET 200 https://registry.npmjs.org/@nodelib/fs.scandir/-/fs.scandir-2.1.5.tgz 1338ms (cache miss)
936 http fetch GET 200 https://registry.npmjs.org/mz/-/mz-2.7.0.tgz 1341ms (cache miss)
937 http fetch GET 200 https://registry.npmjs.org/postcss-nested/-/postcss-nested-6.2.0.tgz 1423ms (cache miss)
938 http fetch GET 200 https://registry.npmjs.org/anymatch/-/anymatch-3.1.3.tgz 1423ms (cache miss)
939 http fetch GET 200 https://registry.npmjs.org/@nodelib/fs.walk/-/fs.walk-1.2.8.tgz 1424ms (cache miss)
940 http fetch GET 200 https://registry.npmjs.org/fsevents/-/fsevents-2.3.3.tgz 1423ms (cache miss)
941 http fetch GET 200 https://registry.npmjs.org/picomatch/-/picomatch-2.3.2.tgz 1434ms (cache miss)
942 http fetch GET 200 https://registry.npmjs.org/glob-parent/-/glob-parent-6.0.2.tgz 1441ms (cache miss)
943 http fetch GET 200 https://registry.npmjs.org/normalize-path/-/normalize-path-3.0.0.tgz 1441ms (cache miss)
944 http fetch GET 200 https://registry.npmjs.org/object-hash/-/object-hash-3.0.0.tgz 1470ms (cache miss)
945 http fetch GET 200 https://registry.npmjs.org/postcss-js/-/postcss-js-4.1.0.tgz 1473ms (cache miss)
946 http fetch GET 200 https://registry.npmjs.org/is-glob/-/is-glob-4.0.3.tgz 1472ms (cache miss)
947 http fetch GET 200 https://registry.npmjs.org/didyoumean/-/didyoumean-1.2.2.tgz 1472ms (cache miss)
948 http fetch GET 200 https://registry.npmjs.org/micromatch/-/micromatch-4.0.8.tgz 1474ms (cache miss)
949 http fetch GET 200 https://registry.npmjs.org/lilconfig/-/lilconfig-3.1.3.tgz 1474ms (cache miss)
950 http fetch GET 200 https://registry.npmjs.org/dlv/-/dlv-1.1.3.tgz 1474ms (cache miss)
951 http fetch GET 200 https://registry.npmjs.org/arg/-/arg-5.0.2.tgz 1474ms (cache miss)
952 http fetch GET 200 https://registry.npmjs.org/chokidar/-/chokidar-3.6.0.tgz 1474ms (cache miss)
953 http fetch GET 200 https://registry.npmjs.org/postcss-import/-/postcss-import-15.1.0.tgz 1478ms (cache miss)
954 http fetch GET 200 https://registry.npmjs.org/postcss-load-config/-/postcss-load-config-6.0.1.tgz 1479ms (cache miss)
955 http fetch GET 200 https://registry.npmjs.org/streamsearch/-/streamsearch-1.1.0.tgz 1476ms (cache miss)
956 http fetch GET 200 https://registry.npmjs.org/scheduler/-/scheduler-0.23.2.tgz 1478ms (cache miss)
957 http fetch GET 200 https://registry.npmjs.org/@jridgewell/gen-mapping/-/gen-mapping-0.3.13.tgz 1495ms (cache miss)
958 http fetch GET 200 https://registry.npmjs.org/postcss-selector-parser/-/postcss-selector-parser-6.1.4.tgz 1500ms (cache miss)
959 http fetch GET 200 https://registry.npmjs.org/loose-envify/-/loose-envify-1.4.0.tgz 1502ms (cache miss)
960 http fetch GET 200 https://registry.npmjs.org/nanoid/-/nanoid-3.3.13.tgz 1502ms (cache miss)
961 http fetch GET 200 https://registry.npmjs.org/client-only/-/client-only-0.0.1.tgz 1502ms (cache miss)
962 http fetch GET 200 https://registry.npmjs.org/graceful-fs/-/graceful-fs-4.2.11.tgz 1502ms (cache miss)
963 http fetch GET 200 https://registry.npmjs.org/js-tokens/-/js-tokens-4.0.0.tgz 1503ms (cache miss)
964 http fetch GET 200 https://registry.npmjs.org/jiti/-/jiti-1.21.7.tgz 1507ms (cache miss)
965 http fetch GET 200 https://registry.npmjs.org/fast-glob/-/fast-glob-3.3.3.tgz 1524ms (cache miss)
966 http fetch GET 200 https://registry.npmjs.org/update-browserslist-db/-/update-browserslist-db-1.2.3.tgz 1525ms (cache miss)
967 http fetch GET 200 https://registry.npmjs.org/resolve/-/resolve-1.22.12.tgz 1534ms (cache miss)
968 http fetch GET 200 https://registry.npmjs.org/@alloc/quick-lru/-/quick-lru-5.2.0.tgz 1547ms (cache miss)
969 http fetch GET 200 https://registry.npmjs.org/@swc/counter/-/counter-0.1.3.tgz 1547ms (cache miss)
970 http fetch GET 200 https://registry.npmjs.org/node-releases/-/node-releases-2.0.48.tgz 1548ms (cache miss)
971 http fetch GET 200 https://registry.npmjs.org/source-map-js/-/source-map-js-1.2.1.tgz 1550ms (cache miss)
972 http fetch GET 200 https://registry.npmjs.org/styled-jsx/-/styled-jsx-5.1.1.tgz 1549ms (cache miss)
973 http fetch GET 200 https://registry.npmjs.org/sucrase/-/sucrase-3.35.1.tgz 1580ms (cache miss)
974 http fetch GET 200 https://registry.npmjs.org/tslib/-/tslib-2.8.1.tgz 1591ms (cache miss)
975 http fetch GET 200 https://registry.npmjs.org/postcss-value-parser/-/postcss-value-parser-4.2.0.tgz 1593ms (cache miss)
976 http fetch GET 200 https://registry.npmjs.org/busboy/-/busboy-1.6.0.tgz 1594ms (cache miss)
977 http fetch GET 200 https://registry.npmjs.org/baseline-browser-mapping/-/baseline-browser-mapping-2.10.38.tgz 1596ms (cache miss)
978 http fetch GET 200 https://registry.npmjs.org/browserslist/-/browserslist-4.28.2.tgz 1596ms (cache miss)
979 http fetch GET 200 https://registry.npmjs.org/@swc/helpers/-/helpers-0.5.5.tgz 1621ms (cache miss)
980 http fetch GET 200 https://registry.npmjs.org/@types/prop-types/-/prop-types-15.7.15.tgz 1680ms (cache miss)
981 http fetch GET 200 https://registry.npmjs.org/fraction.js/-/fraction.js-5.3.4.tgz 1688ms (cache miss)
982 http fetch GET 200 https://registry.npmjs.org/electron-to-chromium/-/electron-to-chromium-1.5.376.tgz 1755ms (cache miss)
983 http fetch GET 200 https://registry.npmjs.org/csstype/-/csstype-3.2.3.tgz 1758ms (cache miss)
984 http fetch GET 200 https://registry.npmjs.org/undici-types/-/undici-types-6.21.0.tgz 1758ms (cache miss)
985 http fetch GET 200 https://registry.npmjs.org/caniuse-lite/-/caniuse-lite-1.0.30001799.tgz 1828ms (cache miss)
986 http fetch GET 200 https://registry.npmjs.org/postcss/-/postcss-8.5.15.tgz 1938ms (cache miss)
987 http fetch GET 200 https://registry.npmjs.org/picocolors/-/picocolors-1.1.1.tgz 1963ms (cache miss)
988 http fetch GET 200 https://registry.npmjs.org/react/-/react-18.3.1.tgz 1972ms (cache miss)
989 http fetch GET 200 https://registry.npmjs.org/@types/react-dom/-/react-dom-18.3.7.tgz 2023ms (cache miss)
990 http fetch GET 200 https://registry.npmjs.org/react-dom/-/react-dom-18.3.1.tgz 2184ms (cache miss)
991 http fetch GET 200 https://registry.npmjs.org/picomatch/-/picomatch-4.0.4.tgz 2192ms (cache miss)
992 http fetch GET 200 https://registry.npmjs.org/autoprefixer/-/autoprefixer-10.5.0.tgz 2197ms (cache miss)
993 http fetch GET 200 https://registry.npmjs.org/fdir/-/fdir-6.5.0.tgz 2323ms (cache miss)
994 http fetch GET 200 https://registry.npmjs.org/@next/env/-/env-14.2.35.tgz 2451ms (cache miss)
995 http fetch GET 200 https://registry.npmjs.org/glob-parent/-/glob-parent-5.1.2.tgz 2672ms (cache miss)
996 http fetch GET 200 https://registry.npmjs.org/glob-parent/-/glob-parent-5.1.2.tgz 2673ms (cache miss)
997 http fetch GET 200 https://registry.npmjs.org/@types/react/-/react-18.3.31.tgz 2888ms (cache miss)
998 http fetch GET 200 https://registry.npmjs.org/@types/node/-/node-20.19.43.tgz 6037ms (cache miss)
999 http fetch GET 200 https://registry.npmjs.org/@next/swc-darwin-arm64/-/swc-darwin-arm64-14.2.33.tgz 6134ms (cache miss)
1000 http fetch GET 200 https://registry.npmjs.org/lucide-react/-/lucide-react-0.378.0.tgz 8626ms (cache miss)
1001 http fetch GET 200 https://registry.npmjs.org/postcss/-/postcss-8.4.31.tgz 24306ms (cache miss)
1002 http fetch GET 200 https://registry.npmjs.org/typescript/-/typescript-5.9.3.tgz 27301ms (cache miss)
1003 http fetch GET 200 https://registry.npmjs.org/tailwindcss/-/tailwindcss-3.4.19.tgz 29204ms (cache miss)
1004 http fetch GET 200 https://registry.npmjs.org/next/-/next-14.2.35.tgz 34362ms (cache miss)
1005 info run fsevents@2.3.3 install node_modules/fsevents node-gyp rebuild
1006 info run fsevents@2.3.3 install { code: 1, signal: null }
1007 verbose reify failed optional dependency /Users/hvurakaranam/Vuro Explorations/WC Prediciton Game/node_modules/fsevents
1008 silly reify mark deleted [
1008 silly reify   '/Users/hvurakaranam/Vuro Explorations/WC Prediciton Game/node_modules/fsevents'
1008 silly reify ]
1009 silly ADD node_modules/escalade
1010 silly ADD node_modules/is-number
1011 silly ADD node_modules/thenify
1012 silly ADD node_modules/thenify-all
1013 silly ADD node_modules/object-assign
1014 silly ADD node_modules/any-promise
1015 silly ADD node_modules/@jridgewell/resolve-uri
1016 silly ADD node_modules/@jridgewell/trace-mapping
1017 silly ADD node_modules/@jridgewell/sourcemap-codec
1018 silly ADD node_modules/ts-interface-checker
1019 silly ADD node_modules/tinyglobby
1020 silly ADD node_modules/tinyglobby/node_modules/picomatch
1021 silly ADD node_modules/tinyglobby/node_modules/fdir
1022 silly ADD node_modules/pirates
1023 silly ADD node_modules/mz
1024 silly ADD node_modules/lines-and-columns
1025 silly ADD node_modules/commander
1026 silly ADD node_modules/@jridgewell/gen-mapping
1027 silly ADD node_modules/queue-microtask
1028 silly ADD node_modules/function-bind
1029 silly ADD node_modules/hasown
1030 silly ADD node_modules/supports-preserve-symlinks-flag
1031 silly ADD node_modules/path-parse
1032 silly ADD node_modules/is-core-module
1033 silly ADD node_modules/es-errors
1034 silly ADD node_modules/pify
1035 silly ADD node_modules/util-deprecate
1036 silly ADD node_modules/cssesc
1037 silly ADD node_modules/camelcase-css
1038 silly ADD node_modules/read-cache
1039 silly ADD node_modules/is-extglob
1040 silly ADD node_modules/binary-extensions
1041 silly ADD node_modules/to-regex-range
1042 silly ADD node_modules/reusify
1043 silly ADD node_modules/run-parallel
1044 silly ADD node_modules/fastq
1045 silly ADD node_modules/@nodelib/fs.scandir
1046 silly ADD node_modules/merge2
1047 silly ADD node_modules/@nodelib/fs.walk
1048 silly ADD node_modules/@nodelib/fs.stat
1049 silly ADD node_modules/fill-range
1050 silly ADD node_modules/picomatch
1051 silly ADD node_modules/readdirp
1052 silly ADD node_modules/is-binary-path
1053 silly ADD
1054 silly ADD node_modules/braces
1055 silly ADD node_modules/anymatch
1056 silly ADD node_modules/sucrase
1057 silly ADD node_modules/resolve
1058 silly ADD node_modules/postcss-selector-parser
1059 silly ADD node_modules/postcss-nested
1060 silly ADD node_modules/postcss-load-config
1061 silly ADD node_modules/postcss-js
1062 silly ADD node_modules/postcss-import
1063 silly ADD node_modules/object-hash
1064 silly ADD node_modules/normalize-path
1065 silly ADD node_modules/micromatch
1066 silly ADD node_modules/lilconfig
1067 silly ADD node_modules/jiti
1068 silly ADD node_modules/is-glob
1069 silly ADD node_modules/glob-parent
1070 silly ADD node_modules/fast-glob
1071 silly ADD node_modules/fast-glob/node_modules/glob-parent
1072 silly ADD node_modules/dlv
1073 silly ADD node_modules/didyoumean
1074 silly ADD node_modules/chokidar
1075 silly ADD node_modules/chokidar/node_modules/glob-parent
1076 silly ADD node_modules/arg
1077 silly ADD node_modules/@alloc/quick-lru
1078 silly ADD node_modules/client-only
1079 silly ADD node_modules/scheduler
1080 silly ADD node_modules/js-tokens
1081 silly ADD node_modules/loose-envify
1082 silly ADD node_modules/source-map-js
1083 silly ADD node_modules/nanoid
1084 silly ADD node_modules/streamsearch
1085 silly ADD node_modules/tslib
1086 silly ADD node_modules/@swc/counter
1087 silly ADD node_modules/styled-jsx
1088 silly ADD node_modules/graceful-fs
1089 silly ADD node_modules/busboy
1090 silly ADD node_modules/@swc/helpers
1091 silly ADD node_modules/@next/swc-darwin-arm64
1092 silly ADD node_modules/@next/env
1093 silly ADD node_modules/update-browserslist-db
1094 silly ADD node_modules/node-releases
1095 silly ADD node_modules/electron-to-chromium
1096 silly ADD node_modules/baseline-browser-mapping
1097 silly ADD node_modules/postcss-value-parser
1098 silly ADD node_modules/picocolors
1099 silly ADD node_modules/fraction.js
1100 silly ADD node_modules/caniuse-lite
1101 silly ADD node_modules/browserslist
1102 silly ADD node_modules/csstype
1103 silly ADD node_modules/@types/prop-types
1104 silly ADD node_modules/undici-types
1105 silly ADD node_modules/typescript
1106 silly ADD node_modules/tailwindcss
1107 silly ADD node_modules/react-dom
1108 silly ADD node_modules/next
1109 silly ADD node_modules/next/node_modules/postcss
1110 silly ADD node_modules/react
1111 silly ADD node_modules/lucide-react
1112 silly ADD node_modules/postcss
1113 silly ADD node_modules/autoprefixer
1114 silly ADD node_modules/@types/react-dom
1115 silly ADD node_modules/@types/react
1116 silly ADD node_modules/@types/node
1117 verbose cwd /Users/hvurakaranam/Vuro Explorations/WC Prediciton Game
1118 verbose os Darwin 25.5.0
1119 verbose node v26.3.0
1120 verbose npm  v11.16.0
1121 notice
1121 notice New minor version of npm available! 11.16.0 -> 11.17.0
1121 notice Changelog: https://github.com/npm/cli/releases/tag/v11.17.0
1121 notice To update run: npm install -g npm@11.17.0
1121 notice  { force: true, Symbol(proc-log.meta): true }
1122 verbose exit 0
1123 info ok
